"software","os","model","process_time","auc"
"R","Windows XP","Random Forest",312.4620914,0.873684211
"R","Windows XP","Random Forest",265.5930519,0.905405405
"R","Windows XP","Random Forest",359.3308926,0.916092943
"R","Windows XP","Random Forest",218.7240124,0.904511278
"R","Windows XP","Random Forest",249.9690056,0.827991453
"R","Windows XP","Random Forest",249.9699593,0.872354497
"R","Windows XP","Random Forest",265.5930519,0.910068847
"R","Windows XP","Random Forest",234.3459129,0.891733871
"R","Windows XP","Random Forest",249.9701977,0.886187608
"R","Windows XP","Random Forest",265.5918598,0.904541632
"R","Windows XP","Random Forest",234.347105,0.885135135
"R","Windows XP","Random Forest",249.9699593,0.874354561
"R","Windows XP","Random Forest",234.3459129,0.918918919
"R","Windows XP","Random Forest",265.5930519,0.863104839
"R","Windows XP","Random Forest",218.7230587,0.904511278
"R","Windows XP","Random Forest",265.5930519,0.827991453
"R","Windows XP","Random Forest",265.5930519,0.872354497
"R","Windows XP","Random Forest",265.5920982,0.910068847
"R","Windows XP","Random Forest",218.7240124,0.891733871
"R","Windows XP","Random Forest",249.9690056,0.886187608
"R","Windows XP","Random Forest",218.723774,0.904541632
"R","Windows XP","Random Forest",249.9690056,0.885135135
"R","Windows XP","Random Forest",249.9701977,0.874354561
"R","Windows XP","Random Forest",265.5928135,0.918918919
"R","Windows XP","Random Forest",234.3461514,0.863104839
"R","Windows XP","Random Forest",249.9699593,0.904511278
"R","Windows XP","Random Forest",218.7230587,0.827991453
"R","Windows XP","Random Forest",249.9699593,0.872354497
"R","Windows XP","Random Forest",218.7230587,0.910068847
"R","Windows XP","Random Forest",234.347105,0.891733871
"R","Windows XP","Random Forest",218.7230587,0.886187608
"R","Windows XP","Random Forest",234.3468666,0.904541632
"R","Windows XP","Random Forest",234.3459129,0.885135135
"R","Windows XP","Random Forest",265.5930519,0.874354561
"R","Windows XP","Random Forest",234.3461514,0.918918919
"R","Windows XP","Random Forest",265.5928135,0.863104839
"R","Windows XP","Random Forest",234.347105,0.904511278
"R","Windows XP","Random Forest",265.5920982,0.827991453
"R","Windows XP","Random Forest",234.3468666,0.872354497
"R","Windows XP","Random Forest",265.5920982,0.910068847
"R","Windows XP","Random Forest",203.1009197,0.891733871
"R","Windows XP","Random Forest",234.3459129,0.886187608
"R","Windows XP","Random Forest",218.7240124,0.904541632
"R","Windows XP","Random Forest",265.5920982,0.885135135
"R","Windows XP","Random Forest",203.1009197,0.874354561
"R","Windows XP","Random Forest",234.3461514,0.918918919
"R","Windows XP","Random Forest",281.2159061,0.863104839
"R","Windows XP","Random Forest",234.3459129,0.904511278
"R","Windows XP","Random Forest",249.9701977,0.827991453
"R","Windows XP","Random Forest",234.3468666,0.872354497
"R","Windows XP","Random Forest",281.2149525,0.910068847
"R","Windows XP","Random Forest",234.347105,0.891733871
"R","Windows XP","Random Forest",296.8389988,0.886187608
"R","Windows XP","Random Forest",203.099966,0.904541632
"R","Windows XP","Random Forest",265.5930519,0.885135135
"R","Windows XP","Random Forest",234.3459129,0.874354561
"R","Windows XP","Random Forest",265.5930519,0.918918919
"R","Windows XP","Random Forest",249.9699593,0.863104839
"R","Windows XP","Random Forest",218.7230587,0.904511278
"R","Windows XP","Random Forest",234.3459129,0.827991453
"R","Windows XP","Random Forest",234.347105,0.872354497
"R","Windows XP","Random Forest",218.7230587,0.910068847
"R","Windows XP","Random Forest",249.9699593,0.891733871
"R","Windows XP","Random Forest",234.3459129,0.886187608
"R","Windows XP","Random Forest",249.9699593,0.904541632
"R","Windows XP","Random Forest",281.2211514,0.885135135
"R","Windows XP","Random Forest",218.7449932,0.874354561
"R","Windows XP","Random Forest",281.2449932,0.918918919
"R","Windows XP","Random Forest",265.6199932,0.863104839
"R","Windows XP","Random Forest",234.3699932,0.904511278
"R","Windows XP","Random Forest",265.6199932,0.827991453
"R","Windows XP","Random Forest",218.7459469,0.872354497
"R","Windows XP","Random Forest",281.2440395,0.910068847
"R","Windows XP","Random Forest",249.9959469,0.891733871
"R","Windows XP","Random Forest",234.3699932,0.886187608
"R","Windows XP","Random Forest",234.3709469,0.904541632
"R","Windows XP","Random Forest",218.7449932,0.885135135
"R","Windows XP","Random Forest",234.3711853,0.874354561
"R","Windows XP","Random Forest",234.3699932,0.918918919
"R","Windows XP","Random Forest",234.3709469,0.863104839
"R","Windows XP","Random Forest",265.6199932,0.904511278
"R","Windows XP","Random Forest",234.3699932,0.827991453
"R","Windows XP","Random Forest",265.6199932,0.872354497
"R","Windows XP","Random Forest",218.7459469,0.910068847
"R","Windows XP","Random Forest",234.3709469,0.891733871
"R","Windows XP","Random Forest",249.9949932,0.886187608
"R","Windows XP","Random Forest",218.7461853,0.904541632
"R","Windows XP","Random Forest",218.7449932,0.885135135
"R","Windows XP","Random Forest",234.3709469,0.874354561
"R","Windows XP","Random Forest",234.3699932,0.918918919
"R","Windows XP","Random Forest",234.3709469,0.863104839
"R","Windows XP","Random Forest",281.2440395,0.904511278
"R","Windows XP","Random Forest",218.7459469,0.827991453
"R","Windows XP","Random Forest",265.6199932,0.872354497
"R","Windows XP","Random Forest",234.3709469,0.910068847
"R","Windows XP","Random Forest",265.6199932,0.891733871
"R","Windows XP","Random Forest",234.3699932,0.886187608
"R","Windows XP","Random Forest",218.7461853,0.904541632
"R","Windows XP","Random Forest",234.3699932,0.885135135
"R","Windows XP","Random Forest",234.3709469,0.874354561
"R","Windows XP","Log",15.625,0.983946488
"R","Windows XP","Log",78.12595367,0.887163561
"R","Windows XP","Log",15.625,0.992222222
"R","Windows XP","Log",0,0.99028749
"R","Windows XP","Log",15.625,0.99028749
"R","Windows XP","Log",31.25095367,0.99028749
"R","Windows XP","Log",31.25,0.99028749
"R","Windows XP","Log",0,0.99028749
"R","Windows XP","Log",46.87595367,0.99028749
"R","Windows XP","Log",0,0.99028749
"R","Windows XP","Log",0,0.99028749
"R","Windows XP","Log",15.625,0.99028749
"R","Windows XP","Log",46.875,0.99028749
"R","Windows XP","Log",15.62595367,0.99028749
"R","Windows XP","Log",15.625,0.99028749
"R","Windows XP","Log",31.25,0.99028749
"R","Windows XP","Log",0,0.99028749
"R","Windows XP","Log",31.25119209,0.99028749
"R","Windows XP","Log",31.25,0.99028749
"R","Windows XP","Log",0,0.99028749
"R","Windows XP","Log",15.625,0.99028749
"R","Windows XP","Log",31.25095367,0.99028749
"R","Windows XP","Log",46.875,0.99028749
"R","Windows XP","Log",0,0.99028749
"R","Windows XP","Log",31.25095367,0.99028749
"R","Windows XP","Log",15.625,0.99028749
"R","Windows XP","Log",15.625,0.99028749
"R","Windows XP","Log",15.625,0.99028749
"R","Windows XP","Log",15.62595367,0.99028749
"R","Windows XP","Log",0,0.99028749
"R","Windows XP","Log",46.875,0.99028749
"R","Windows XP","Log",15.625,0.99028749
"R","Windows XP","Log",15.62595367,0.99028749
"R","Windows XP","Log",15.625,0.99028749
"R","Windows XP","Log",15.625,0.99028749
"R","Windows XP","Log",15.625,0.99028749
"R","Windows XP","Log",15.625,0.99028749
"R","Windows XP","Log",15.625,0.99028749
"R","Windows XP","Log",31.25,0.99028749
"R","Windows XP","Log",31.25095367,0.99028749
"R","Windows XP","Log",15.625,0.99028749
"R","Windows XP","Log",15.625,0.99028749
"R","Windows XP","Log",15.62595367,0.99028749
"R","Windows XP","Log",15.625,0.99028749
"R","Windows XP","Log",0,0.99028749
"R","Windows XP","Log",15.625,0.99028749
"R","Windows XP","Log",46.87595367,0.99028749
"R","Windows XP","Log",0,0.99028749
"R","Windows XP","Log",46.875,0.99028749
"R","Windows XP","Log",0,0.99028749
"R","Windows XP","Log",15.625,0.99028749
"R","Windows XP","Log",46.87595367,0.99028749
"R","Windows XP","Log",0,0.99028749
"R","Windows XP","Log",0,0.99028749
"R","Windows XP","Log",15.625,0.99028749
"R","Windows XP","Log",62.50119209,0.99028749
"R","Windows XP","Log",0,0.99028749
"R","Windows XP","Log",46.87595367,0.99028749
"R","Windows XP","Log",46.875,0.99028749
"R","Windows XP","Log",46.87595367,0.99028749
"R","Windows XP","Log",0,0.99028749
"R","Windows XP","Log",0,0.99028749
"R","Windows XP","Log",15.625,0.99028749
"R","Windows XP","Log",0,0.99028749
"R","Windows XP","Log",46.87595367,0.99028749
"R","Windows XP","Log",0,0.99028749
"R","Windows XP","Log",46.875,0.99028749
"R","Windows XP","Log",0,0.99028749
"R","Windows XP","Log",0,0.99028749
"R","Windows XP","Log",0,0.99028749
"R","Windows XP","Log",31.25095367,0.99028749
"R","Windows XP","Log",31.25,0.99028749
"R","Windows XP","Log",15.625,0.99028749
"R","Windows XP","Log",31.25095367,0.99028749
"R","Windows XP","Log",0,0.99028749
"R","Windows XP","Log",15.625,0.99028749
"R","Windows XP","Log",0,0.99028749
"R","Windows XP","Log",15.625,0.99028749
"R","Windows XP","Log",0,0.99028749
"R","Windows XP","Log",62.50119209,0.99028749
"R","Windows XP","Log",15.625,0.99028749
"R","Windows XP","Log",0,0.99028749
"R","Windows XP","Log",0,0.99028749
"R","Windows XP","Log",15.62595367,0.99028749
"R","Windows XP","Log",15.625,0.99028749
"R","Windows XP","Log",46.875,0.99028749
"R","Windows XP","Log",15.62595367,0.99028749
"R","Windows XP","Log",0,0.99028749
"R","Windows XP","Log",0,0.99028749
"R","Windows XP","Log",15.625,0.99028749
"R","Windows XP","Log",15.625,0.99028749
"R","Windows XP","Log",15.625,0.99028749
"R","Windows XP","Log",31.25095367,0.99028749
"R","Windows XP","Log",0,0.99028749
"R","Windows XP","Log",15.625,0.99028749
"R","Windows XP","Log",31.25,0.99028749
"R","Windows XP","Log",15.62595367,0.99028749
"R","Windows XP","Log",15.625,0.99028749
"R","Windows XP","Log",31.25,0.99028749
"R","Windows XP","Log",0,0.99028749
"R","Windows XP","SVM",15.625,0.916921314
"R","Windows XP","SVM",15.625,0.911111111
"R","Windows XP","SVM",15.625,0.905639098
"R","Windows XP","SVM",15.625,0.906271777
"R","Windows XP","SVM",31.25,0.901131222
"R","Windows XP","SVM",46.87595367,0.945783133
"R","Windows XP","SVM",15.625,0.918640183
"R","Windows XP","SVM",15.625,0.932323232
"R","Windows XP","SVM",15.625,0.908708938
"R","Windows XP","SVM",62.5,0.88579068
"R","Windows XP","SVM",15.62595367,0.87593985
"R","Windows XP","SVM",15.625,0.901612903
"R","Windows XP","SVM",78.125,0.945783133
"R","Windows XP","SVM",0,0.918640183
"R","Windows XP","SVM",15.625,0.932323232
"R","Windows XP","SVM",78.12595367,0.908708938
"R","Windows XP","SVM",0,0.88579068
"R","Windows XP","SVM",15.625,0.87593985
"R","Windows XP","SVM",62.5,0.901612903
"R","Windows XP","SVM",31.25,0.945783133
"R","Windows XP","SVM",0,0.918640183
"R","Windows XP","SVM",31.25,0.932323232
"R","Windows XP","SVM",15.625,0.908708938
"R","Windows XP","SVM",15.625,0.88579068
"R","Windows XP","SVM",140.6259537,0.87593985
"R","Windows XP","SVM",15.625,0.901612903
"R","Windows XP","SVM",15.625,0.945783133
"R","Windows XP","SVM",15.625,0.918640183
"R","Windows XP","SVM",78.12595367,0.932323232
"R","Windows XP","SVM",15.625,0.908708938
"R","Windows XP","SVM",46.875,0.88579068
"R","Windows XP","SVM",46.87595367,0.87593985
"R","Windows XP","SVM",46.875,0.901612903
"R","Windows XP","SVM",15.625,0.945783133
"R","Windows XP","SVM",15.625,0.918640183
"R","Windows XP","SVM",15.625,0.932323232
"R","Windows XP","SVM",15.625,0.908708938
"R","Windows XP","SVM",46.87595367,0.88579068
"R","Windows XP","SVM",15.625,0.87593985
"R","Windows XP","SVM",0,0.901612903
"R","Windows XP","SVM",15.625,0.945783133
"R","Windows XP","SVM",15.625,0.918640183
"R","Windows XP","SVM",15.625,0.932323232
"R","Windows XP","SVM",78.12619209,0.908708938
"R","Windows XP","SVM",15.625,0.88579068
"R","Windows XP","SVM",78.125,0.87593985
"R","Windows XP","SVM",0,0.901612903
"R","Windows XP","SVM",93.75095367,0.945783133
"R","Windows XP","SVM",0,0.918640183
"R","Windows XP","SVM",0,0.932323232
"R","Windows XP","SVM",15.625,0.908708938
"R","Windows XP","SVM",31.25,0.88579068
"R","Windows XP","SVM",0,0.87593985
"R","Windows XP","SVM",15.625,0.901612903
"R","Windows XP","SVM",15.62595367,0.945783133
"R","Windows XP","SVM",31.25,0.918640183
"R","Windows XP","SVM",0,0.932323232
"R","Windows XP","SVM",15.625,0.908708938
"R","Windows XP","SVM",62.50095367,0.88579068
"R","Windows XP","SVM",15.625,0.87593985
"R","Windows XP","SVM",62.5,0.901612903
"R","Windows XP","SVM",15.625,0.945783133
"R","Windows XP","SVM",78.12595367,0.918640183
"R","Windows XP","SVM",62.5,0.932323232
"R","Windows XP","SVM",62.5,0.908708938
"R","Windows XP","SVM",15.62595367,0.88579068
"R","Windows XP","SVM",31.25,0.87593985
"R","Windows XP","SVM",0,0.901612903
"R","Windows XP","SVM",15.625,0.945783133
"R","Windows XP","SVM",15.625,0.918640183
"R","Windows XP","SVM",31.25,0.932323232
"R","Windows XP","SVM",15.625,0.908708938
"R","Windows XP","SVM",31.25,0.88579068
"R","Windows XP","SVM",0,0.87593985
"R","Windows XP","SVM",15.625,0.901612903
"R","Windows XP","SVM",62.50095367,0.945783133
"R","Windows XP","SVM",31.25,0.918640183
"R","Windows XP","SVM",0,0.932323232
"R","Windows XP","SVM",15.625,0.908708938
"R","Windows XP","SVM",78.12595367,0.88579068
"R","Windows XP","SVM",0,0.87593985
"R","Windows XP","SVM",31.25,0.901612903
"R","Windows XP","SVM",78.125,0.945783133
"R","Windows XP","SVM",0,0.918640183
"R","Windows XP","SVM",15.625,0.932323232
"R","Windows XP","SVM",15.625,0.908708938
"R","Windows XP","SVM",78.12595367,0.88579068
"R","Windows XP","SVM",0,0.87593985
"R","Windows XP","SVM",15.625,0.901612903
"R","Windows XP","SVM",46.875,0.945783133
"R","Windows XP","SVM",31.25095367,0.918640183
"R","Windows XP","SVM",0,0.932323232
"R","Windows XP","SVM",62.5,0.908708938
"R","Windows XP","SVM",31.25,0.88579068
"R","Windows XP","SVM",15.625,0.87593985
"R","Windows XP","SVM",15.625,0.901612903
"R","Windows XP","SVM",78.12619209,0.945783133
"R","Windows XP","SVM",0,0.918640183
"R","Windows XP","SVM",15.625,0.932323232
"R","Windows XP","SVM",78.125,0.908708938
"R","Mac","Log",33.82897377,0.987737342
"R","Mac","Log",21.92687988,0.967916366
"R","Mac","Log",21.26908302,0.972962963
"R","Mac","Log",23.03290367,0.988677867
"R","Mac","Log",23.39792252,0.977816901
"R","Mac","Log",29.41203117,0.998025016
"R","Mac","Log",27.02999115,0.894548872
"R","Mac","Log",23.44989777,0.987737342
"R","Mac","Log",22.30501175,0.967916366
"R","Mac","Log",25.05898476,0.972962963
"R","Mac","Log",25.48289299,0.988677867
"R","Mac","Log",12.6979351,0.977816901
"R","Mac","Log",13.71002197,0.998025016
"R","Mac","Log",16.52503014,0.894548872
"R","Mac","Log",13.99517059,0.987737342
"R","Mac","Log",12.57801056,0.967916366
"R","Mac","Log",18.69606972,0.972962963
"R","Mac","Log",13.63396645,0.988677867
"R","Mac","Log",12.26592064,0.977816901
"R","Mac","Log",12.25781441,0.998025016
"R","Mac","Log",15.50602913,0.894548872
"R","Mac","Log",17.89999008,0.987737342
"R","Mac","Log",12.70604134,0.967916366
"R","Mac","Log",12.91704178,0.972962963
"R","Mac","Log",12.6581192,0.988677867
"R","Mac","Log",13.38195801,0.977816901
"R","Mac","Log",13.28706741,0.998025016
"R","Mac","Log",20.07699013,0.894548872
"R","Mac","Log",11.92998886,0.987737342
"R","Mac","Log",11.26194,0.967916366
"R","Mac","Log",14.71304893,0.972962963
"R","Mac","Log",12.52913475,0.988677867
"R","Mac","Log",19.31500435,0.977816901
"R","Mac","Log",13.93485069,0.998025016
"R","Mac","Log",15.69199562,0.894548872
"R","Mac","Log",14.27102089,0.987737342
"R","Mac","Log",12.86315918,0.967916366
"R","Mac","Log",13.0200386,0.972962963
"R","Mac","Log",19.91796494,0.988677867
"R","Mac","Log",12.3591423,0.977816901
"R","Mac","Log",13.11707497,0.998025016
"R","Mac","Log",17.00901985,0.894548872
"R","Mac","Log",13.30399513,0.987737342
"R","Mac","Log",21.93593979,0.967916366
"R","Mac","Log",14.35995102,0.972962963
"R","Mac","Log",12.996912,0.988677867
"R","Mac","Log",13.92889023,0.977816901
"R","Mac","Log",13.6039257,0.998025016
"R","Mac","Log",16.37887955,0.894548872
"R","Mac","Log",20.38502693,0.987737342
"R","Mac","Log",13.57603073,0.967916366
"R","Mac","Log",12.75777817,0.972962963
"R","Mac","Log",12.72511482,0.988677867
"R","Mac","Log",13.96179199,0.977816901
"R","Mac","Log",17.94600487,0.998025016
"R","Mac","Log",15.67602158,0.894548872
"R","Mac","Log",13.17501068,0.987737342
"R","Mac","Log",12.63213158,0.967916366
"R","Mac","Log",12.89105415,0.972962963
"R","Mac","Log",17.95291901,0.988677867
"R","Mac","Log",11.64507866,0.977816901
"R","Mac","Log",11.92188263,0.998025016
"R","Mac","Log",15.70391655,0.894548872
"R","Mac","Log",12.75897026,0.987737342
"R","Mac","Log",13.84186745,0.967916366
"R","Mac","Log",19.06204224,0.972962963
"R","Mac","Log",13.63420486,0.988677867
"R","Mac","Log",13.56220245,0.977816901
"R","Mac","Log",12.67290115,0.998025016
"R","Mac","Log",15.82312584,0.894548872
"R","Mac","Log",18.75686646,0.987737342
"R","Mac","Log",11.79814339,0.967916366
"R","Mac","Log",12.7799511,0.972962963
"R","Mac","Log",12.54606247,0.988677867
"R","Mac","Log",13.80681992,0.977816901
"R","Mac","Log",17.69685745,0.998025016
"R","Mac","Log",15.57397842,0.894548872
"R","Mac","Log",12.46905327,0.987737342
"R","Mac","Log",12.37010956,0.967916366
"R","Mac","Log",13.53597641,0.972962963
"R","Mac","Log",12.70008087,0.988677867
"R","Mac","Log",17.19212532,0.977816901
"R","Mac","Log",11.94095612,0.998025016
"R","Mac","Log",16.01290703,0.894548872
"R","Mac","Log",12.68911362,0.987737342
"R","Mac","Log",12.74800301,0.967916366
"R","Mac","Log",18.20707321,0.972962963
"R","Mac","Log",12.65907288,0.988677867
"R","Mac","Log",12.79187202,0.977816901
"R","Mac","Log",13.35287094,0.998025016
"R","Mac","Log",16.2460804,0.894548872
"R","Mac","Log",17.80414581,0.987737342
"R","Mac","Log",12.02583313,0.967916366
"R","Mac","Log",12.11190224,0.972962963
"R","Mac","Log",13.04507256,0.988677867
"R","Mac","Log",12.5041008,0.977816901
"R","Mac","Log",13.06009293,0.998025016
"R","Mac","Log",20.24197578,0.894548872
"R","Mac","Log",12.88604736,0.987737342
"R","Mac","Log",12.36510277,0.967916366
"R","Mac","Random Forest",218.5959816,0.898020654
"R","Mac","Random Forest",206.3529491,0.906272531
"R","Mac","Random Forest",209.5859051,0.898020654
"R","Mac","Random Forest",226.5968323,0.938120703
"R","Mac","Random Forest",219.2029953,0.898333333
"R","Mac","Random Forest",219.0949917,0.919871795
"R","Mac","Random Forest",211.1139297,0.924444444
"R","Mac","Random Forest",206.6118717,0.864219114
"R","Mac","Random Forest",207.9470158,0.92147943
"R","Mac","Random Forest",196.6469288,0.917232022
"R","Mac","Random Forest",201.7498016,0.912777778
"R","Mac","Random Forest",192.3060417,0.861111111
"R","Mac","Random Forest",203.3119202,0.87887527
"R","Mac","Random Forest",197.89505,0.94375
"R","Mac","Random Forest",203.4220695,0.913121846
"R","Mac","Random Forest",189.9068356,0.93902439
"R","Mac","Random Forest",180.5269718,0.886172651
"R","Mac","Random Forest",204.6499252,0.886187608
"R","Mac","Random Forest",184.3168736,0.87232906
"R","Mac","Random Forest",199.4240284,0.918918919
"R","Mac","Random Forest",186.1441135,0.87232906
"R","Mac","Random Forest",195.417881,0.918918919
"R","Mac","Random Forest",183.3589077,0.87232906
"R","Mac","Random Forest",192.7928925,0.918918919
"R","Mac","Random Forest",188.6539459,0.87232906
"R","Mac","Random Forest",204.4110298,0.918918919
"R","Mac","Random Forest",186.7589951,0.87232906
"R","Mac","Random Forest",195.7538128,0.918918919
"R","Mac","Random Forest",187.8521442,0.87232906
"R","Mac","Random Forest",207.6749802,0.918918919
"R","Mac","Random Forest",178.9801121,0.87232906
"R","Mac","Random Forest",195.0979233,0.918918919
"R","Mac","Random Forest",184.6790314,0.87232906
"R","Mac","Random Forest",209.7220421,0.918918919
"R","Mac","Random Forest",178.358078,0.87232906
"R","Mac","Random Forest",205.3868771,0.918918919
"R","Mac","Random Forest",186.1541271,0.87232906
"R","Mac","Random Forest",193.4969425,0.918918919
"R","Mac","Random Forest",185.5080128,0.87232906
"R","Mac","Random Forest",193.6838627,0.918918919
"R","Mac","Random Forest",188.5430813,0.87232906
"R","Mac","Random Forest",196.58494,0.918918919
"R","Mac","Random Forest",190.2811527,0.87232906
"R","Mac","Random Forest",197.9441643,0.918918919
"R","Mac","Random Forest",185.1809025,0.87232906
"R","Mac","Random Forest",202.8648853,0.918918919
"R","Mac","Random Forest",198.7450123,0.87232906
"R","Mac","Random Forest",197.3211765,0.918918919
"R","Mac","Random Forest",197.1600056,0.87232906
"R","Mac","Random Forest",195.9879398,0.918918919
"R","Mac","Random Forest",201.8270493,0.87232906
"R","Mac","Random Forest",190.1869774,0.918918919
"R","Mac","Random Forest",186.8879795,0.87232906
"R","Mac","Random Forest",204.3569088,0.918918919
"R","Mac","Random Forest",209.389925,0.87232906
"R","Mac","Random Forest",203.715086,0.918918919
"R","Mac","Random Forest",199.0149021,0.87232906
"R","Mac","Random Forest",200.9100914,0.918918919
"R","Mac","Random Forest",199.5849609,0.87232906
"R","Mac","Random Forest",198.8220215,0.918918919
"R","Mac","Random Forest",185.3120327,0.87232906
"R","Mac","Random Forest",192.9078102,0.918918919
"R","Mac","Random Forest",192.8448677,0.87232906
"R","Mac","Random Forest",204.6020031,0.918918919
"R","Mac","Random Forest",189.6400452,0.87232906
"R","Mac","Random Forest",201.1198997,0.918918919
"R","Mac","Random Forest",190.4168129,0.87232906
"R","Mac","Random Forest",206.3751221,0.918918919
"R","Mac","Random Forest",188.7691021,0.87232906
"R","Mac","Random Forest",197.0210075,0.918918919
"R","Mac","Random Forest",190.3090477,0.87232906
"R","Mac","Random Forest",203.5691738,0.918918919
"R","Mac","Random Forest",193.4261322,0.87232906
"R","Mac","Random Forest",198.6060143,0.918918919
"R","Mac","Random Forest",184.8640442,0.87232906
"R","Mac","Random Forest",207.670927,0.918918919
"R","Mac","Random Forest",188.7991428,0.87232906
"R","Mac","Random Forest",194.562912,0.918918919
"R","Mac","Random Forest",182.4789047,0.87232906
"R","Mac","Random Forest",195.7070827,0.918918919
"R","Mac","Random Forest",197.437048,0.87232906
"R","Mac","Random Forest",191.4708614,0.918918919
"R","Mac","Random Forest",182.0411682,0.87232906
"R","Mac","Random Forest",191.7319298,0.918918919
"R","Mac","Random Forest",194.4210529,0.87232906
"R","Mac","Random Forest",202.0039558,0.918918919
"R","Mac","Random Forest",196.6569424,0.87232906
"R","Mac","Random Forest",210.7360363,0.918918919
"R","Mac","Random Forest",190.4680729,0.87232906
"R","Mac","Random Forest",204.1239738,0.918918919
"R","Mac","Random Forest",196.5100765,0.87232906
"R","Mac","Random Forest",201.5302181,0.918918919
"R","Mac","Random Forest",184.953928,0.87232906
"R","Mac","Random Forest",205.3148746,0.918918919
"R","Mac","Random Forest",190.0310516,0.87232906
"R","Mac","Random Forest",207.679987,0.918918919
"R","Mac","Random Forest",196.1319447,0.87232906
"R","Mac","Random Forest",210.0641727,0.918918919
"R","Mac","Random Forest",187.7222061,0.87232906
"R","Mac","Random Forest",195.4050064,0.918918919
"R","Mac","SVM",16.94703102,0.916921314
"R","Mac","SVM",14.47486877,0.911111111
"R","Mac","SVM",13.85116577,0.905639098
"R","Mac","SVM",14.61195946,0.906271777
"R","Mac","SVM",15.38491249,0.901131222
"R","Mac","SVM",14.24884796,0.945783133
"R","Mac","SVM",13.37504387,0.918640183
"R","Mac","SVM",15.59782028,0.932323232
"R","Mac","SVM",12.73989677,0.908708938
"R","Mac","SVM",13.09680939,0.88579068
"R","Mac","SVM",12.82596588,0.87593985
"R","Mac","SVM",13.19694519,0.901612903
"R","Mac","SVM",13.28206062,0.945783133
"R","Mac","SVM",16.45612717,0.918640183
"R","Mac","SVM",12.99285889,0.932323232
"R","Mac","SVM",13.18097115,0.908708938
"R","Mac","SVM",13.35000992,0.88579068
"R","Mac","SVM",12.23897934,0.87593985
"R","Mac","SVM",12.40611076,0.901612903
"R","Mac","SVM",13.04888725,0.945783133
"R","Mac","SVM",15.10119438,0.918640183
"R","Mac","SVM",13.47494125,0.932323232
"R","Mac","SVM",12.95900345,0.908708938
"R","Mac","SVM",12.60995865,0.88579068
"R","Mac","SVM",11.89303398,0.87593985
"R","Mac","SVM",13.06200027,0.901612903
"R","Mac","SVM",15.42401314,0.945783133
"R","Mac","SVM",13.22007179,0.918640183
"R","Mac","SVM",12.58802414,0.932323232
"R","Mac","SVM",13.00883293,0.908708938
"R","Mac","SVM",12.49194145,0.88579068
"R","Mac","SVM",12.45808601,0.87593985
"R","Mac","SVM",13.67902756,0.901612903
"R","Mac","SVM",15.59305191,0.945783133
"R","Mac","SVM",12.61305809,0.918640183
"R","Mac","SVM",12.23707199,0.932323232
"R","Mac","SVM",13.56506348,0.908708938
"R","Mac","SVM",12.15100288,0.88579068
"R","Mac","SVM",11.80815697,0.87593985
"R","Mac","SVM",17.05312729,0.901612903
"R","Mac","SVM",12.45808601,0.945783133
"R","Mac","SVM",14.18209076,0.918640183
"R","Mac","SVM",13.08012009,0.932323232
"R","Mac","SVM",13.29302788,0.908708938
"R","Mac","SVM",12.50386238,0.88579068
"R","Mac","SVM",16.29090309,0.87593985
"R","Mac","SVM",12.4001503,0.901612903
"R","Mac","SVM",17.57192612,0.945783133
"R","Mac","SVM",14.14418221,0.918640183
"R","Mac","SVM",13.5409832,0.932323232
"R","Mac","SVM",14.37497139,0.908708938
"R","Mac","SVM",13.52310181,0.88579068
"R","Mac","SVM",15.35511017,0.87593985
"R","Mac","SVM",13.53502274,0.901612903
"R","Mac","SVM",12.7799511,0.945783133
"R","Mac","SVM",17.14611053,0.918640183
"R","Mac","SVM",12.52007484,0.932323232
"R","Mac","SVM",13.10801506,0.908708938
"R","Mac","SVM",16.91198349,0.88579068
"R","Mac","SVM",13.30590248,0.87593985
"R","Mac","SVM",14.97197151,0.901612903
"R","Mac","SVM",12.58611679,0.945783133
"R","Mac","SVM",13.04101944,0.918640183
"R","Mac","SVM",14.47486877,0.932323232
"R","Mac","SVM",17.45510101,0.908708938
"R","Mac","SVM",13.96608353,0.88579068
"R","Mac","SVM",14.68396187,0.87593985
"R","Mac","SVM",14.63699341,0.901612903
"R","Mac","SVM",13.27896118,0.945783133
"R","Mac","SVM",13.05508614,0.918640183
"R","Mac","SVM",16.51287079,0.932323232
"R","Mac","SVM",14.5111084,0.908708938
"R","Mac","SVM",12.98618317,0.88579068
"R","Mac","SVM",14.09196854,0.87593985
"R","Mac","SVM",14.5008564,0.901612903
"R","Mac","SVM",12.85600662,0.945783133
"R","Mac","SVM",16.22986794,0.918640183
"R","Mac","SVM",13.62800598,0.932323232
"R","Mac","SVM",12.83407211,0.908708938
"R","Mac","SVM",12.84980774,0.88579068
"R","Mac","SVM",13.3099556,0.87593985
"R","Mac","SVM",12.92300224,0.901612903
"R","Mac","SVM",14.86897469,0.945783133
"R","Mac","SVM",11.99007034,0.918640183
"R","Mac","SVM",12.99786568,0.932323232
"R","Mac","SVM",13.27490807,0.908708938
"R","Mac","SVM",12.81619072,0.88579068
"R","Mac","SVM",17.44103432,0.87593985
"R","Mac","SVM",12.42995262,0.901612903
"R","Mac","SVM",13.00096512,0.945783133
"R","Mac","SVM",13.72694969,0.918640183
"R","Mac","SVM",12.88199425,0.932323232
"R","Mac","SVM",13.75699043,0.908708938
"R","Mac","SVM",14.08314705,0.88579068
"R","Mac","SVM",14.97101784,0.87593985
"R","Mac","SVM",12.07113266,0.901612903
"R","Mac","SVM",13.19718361,0.945783133
"R","Mac","SVM",13.05508614,0.918640183
"R","Mac","SVM",12.22681999,0.932323232
"R","Mac","SVM",12.97807693,0.908708938
"R","Windows 7","Log",25.0000953674316,0.987737341772152
"R","Windows 7","Log",18.0001258850098,0.967916366258111
"R","Windows 7","Log",24.9998569488525,0.972962962962963
"R","Windows 7","Log",19.0000534057617,0.988677867056245
"R","Windows 7","Log",19.0000534057617,0.977816901408451
"R","Windows 7","Log",19.0000534057617,0.998025016458196
"R","Windows 7","Log",27.9998779296875,0.894548872180451
"R","Windows 7","Log",20.0002193450928,0.987737341772152
"R","Windows 7","Log",18.9998149871826,0.967916366258111
"R","Windows 7","Log",19.0000534057617,0.972962962962963
"R","Windows 7","Log",23.9999294281006,0.988677867056245
"R","Windows 7","Log",19.0000534057617,0.977816901408451
"R","Windows 7","Log",17.0001983642578,0.998025016458196
"R","Windows 7","Log",27.9998779296875,0.894548872180451
"R","Windows 7","Log",19.0000534057617,0.987737341772152
"R","Windows 7","Log",19.0000534057617,0.967916366258111
"R","Windows 7","Log",19.0000534057617,0.972962962962963
"R","Windows 7","Log",22.0000743865967,0.988677867056245
"R","Windows 7","Log",18.0001258850098,0.977816901408451
"R","Windows 7","Log",18.9998149871826,0.998025016458196
"R","Windows 7","Log",27.9998779296875,0.894548872180451
"R","Windows 7","Log",19.0000534057617,0.987737341772152
"R","Windows 7","Log",19.0000534057617,0.967916366258111
"R","Windows 7","Log",23.0000019073486,0.972962962962963
"R","Windows 7","Log",19.0000534057617,0.988677867056245
"R","Windows 7","Log",17.9998874664307,0.977816901408451
"R","Windows 7","Log",21.9998359680176,0.998025016458196
"R","Windows 7","Log",24.0001678466797,0.894548872180451
"R","Windows 7","Log",19.0000534057617,0.987737341772152
"R","Windows 7","Log",23.0000019073486,0.967916366258111
"R","Windows 7","Log",18.9998149871826,0.972962962962963
"R","Windows 7","Log",19.9999809265137,0.988677867056245
"R","Windows 7","Log",21.9998359680176,0.977816901408451
"R","Windows 7","Log",18.0001258850098,0.998025016458196
"R","Windows 7","Log",26.9999504089355,0.894548872180451
"R","Windows 7","Log",17.9998874664307,0.987737341772152
"R","Windows 7","Log",21.9998359680176,0.967916366258111
"R","Windows 7","Log",19.9999809265137,0.972962962962963
"R","Windows 7","Log",18.9998149871826,0.988677867056245
"R","Windows 7","Log",23.0000019073486,0.977816901408451
"R","Windows 7","Log",17.9998874664307,0.998025016458196
"R","Windows 7","Log",82.0000171661377,0.894548872180451
"R","Windows 7","Log",18.0001258850098,0.987737341772152
"R","Windows 7","Log",19.0000534057617,0.967916366258111
"R","Windows 7","Log",18.9998149871826,0.972962962962963
"R","Windows 7","Log",17.9998874664307,0.988677867056245
"R","Windows 7","Log",22.0000743865967,0.977816901408451
"R","Windows 7","Log",18.0001258850098,0.998025016458196
"R","Windows 7","Log",23.0000019073486,0.894548872180451
"R","Windows 7","Log",19.0000534057617,0.987737341772152
"R","Windows 7","Log",21.9998359680176,0.967916366258111
"R","Windows 7","Log",19.0000534057617,0.972962962962963
"R","Windows 7","Log",18.0001258850098,0.988677867056245
"R","Windows 7","Log",17.9998874664307,0.977816901408451
"R","Windows 7","Log",18.0001258850098,0.998025016458196
"R","Windows 7","Log",26.9999504089355,0.894548872180451
"R","Windows 7","Log",19.9999809265137,0.987737341772152
"R","Windows 7","Log",18.0001258850098,0.967916366258111
"R","Windows 7","Log",19.0000534057617,0.972962962962963
"R","Windows 7","Log",23.0000019073486,0.988677867056245
"R","Windows 7","Log",18.0001258850098,0.977816901408451
"R","Windows 7","Log",18.9998149871826,0.998025016458196
"R","Windows 7","Log",24.0001678466797,0.894548872180451
"R","Windows 7","Log",21.9998359680176,0.987737341772152
"R","Windows 7","Log",19.0000534057617,0.967916366258111
"R","Windows 7","Log",19.0000534057617,0.972962962962963
"R","Windows 7","Log",18.0001258850098,0.988677867056245
"R","Windows 7","Log",21.9998359680176,0.977816901408451
"R","Windows 7","Log",18.0001258850098,0.998025016458196
"R","Windows 7","Log",23.0000019073486,0.894548872180451
"R","Windows 7","Log",18.0001258850098,0.987737341772152
"R","Windows 7","Log",21.0001468658447,0.967916366258111
"R","Windows 7","Log",17.9998874664307,0.972962962962963
"R","Windows 7","Log",17.9998874664307,0.988677867056245
"R","Windows 7","Log",18.0001258850098,0.977816901408451
"R","Windows 7","Log",17.9998874664307,0.998025016458196
"R","Windows 7","Log",26.0000228881836,0.894548872180451
"R","Windows 7","Log",17.9998874664307,0.987737341772152
"R","Windows 7","Log",19.0000534057617,0.967916366258111
"R","Windows 7","Log",23.0000019073486,0.972962962962963
"R","Windows 7","Log",18.0001258850098,0.988677867056245
"R","Windows 7","Log",16.9999599456787,0.977816901408451
"R","Windows 7","Log",18.0001258850098,0.998025016458196
"R","Windows 7","Log",29.0000438690186,0.894548872180451
"R","Windows 7","Log",17.9998874664307,0.987737341772152
"R","Windows 7","Log",18.0001258850098,0.967916366258111
"R","Windows 7","Log",19.0000534057617,0.972962962962963
"R","Windows 7","Log",22.0000743865967,0.988677867056245
"R","Windows 7","Log",17.9998874664307,0.977816901408451
"R","Windows 7","Log",16.9999599456787,0.998025016458196
"R","Windows 7","Log",26.9999504089355,0.894548872180451
"R","Windows 7","Log",19.0000534057617,0.987737341772152
"R","Windows 7","Log",19.0000534057617,0.967916366258111
"R","Windows 7","Log",19.0000534057617,0.972962962962963
"R","Windows 7","Log",22.0000743865967,0.988677867056245
"R","Windows 7","Log",17.9998874664307,0.977816901408451
"R","Windows 7","Log",18.0001258850098,0.998025016458196
"R","Windows 7","Log",26.9999504089355,0.894548872180451
"R","Windows 7","Log",18.0001258850098,0.987737341772152
"R","Windows 7","Log",19.0000534057617,0.967916366258111
"R","Windows 7","Random Forest",396.999835968018,0.912777777777778
"R","Windows 7","Random Forest",312.999963760376,0.873397435897436
"R","Windows 7","Random Forest",276.999950408936,0.893162393162393
"R","Windows 7","Random Forest",312.999963760376,0.885483870967742
"R","Windows 7","Random Forest",336.000204086304,0.916308089500861
"R","Windows 7","Random Forest",321.999788284302,0.918918918918919
"R","Windows 7","Random Forest",319.000005722046,0.863104838709677
"R","Windows 7","Random Forest",255.000114440918,0.904511278195489
"R","Windows 7","Random Forest",256.00004196167,0.827991452991453
"R","Windows 7","Random Forest",321.000099182129,0.872354497354497
"R","Windows 7","Random Forest",314.000129699707,0.910068846815835
"R","Windows 7","Random Forest",270.999908447266,0.891733870967742
"R","Windows 7","Random Forest",305.000066757202,0.88618760757315
"R","Windows 7","Random Forest",258.000135421753,0.904541631623213
"R","Windows 7","Random Forest",269.999980926514,0.885135135135135
"R","Windows 7","Random Forest",256.00004196167,0.874354561101549
"R","Windows 7","Random Forest",325.999975204468,0.918918918918919
"R","Windows 7","Random Forest",274.00016784668,0.863104838709677
"R","Windows 7","Random Forest",312.000036239624,0.904511278195489
"R","Windows 7","Random Forest",246.999979019165,0.827991452991453
"R","Windows 7","Random Forest",266.999959945679,0.872354497354497
"R","Windows 7","Random Forest",266.000032424927,0.910068846815835
"R","Windows 7","Random Forest",315.000057220459,0.891733870967742
"R","Windows 7","Random Forest",259.000062942505,0.88618760757315
"R","Windows 7","Random Forest",302.999973297119,0.904541631623213
"R","Windows 7","Random Forest",277.000188827515,0.885135135135135
"R","Windows 7","Random Forest",304.999828338623,0.874354561101549
"R","Windows 7","Random Forest",263.999938964844,0.918918918918919
"R","Windows 7","Random Forest",263.000011444092,0.863104838709677
"R","Windows 7","Random Forest",258.999824523926,0.904511278195489
"R","Windows 7","Random Forest",247.000217437744,0.827991452991453
"R","Windows 7","Random Forest",303.999900817871,0.872354497354497
"R","Windows 7","Random Forest",259.999990463257,0.910068846815835
"R","Windows 7","Random Forest",312.999963760376,0.891733870967742
"R","Windows 7","Random Forest",260.000228881836,0.88618760757315
"R","Windows 7","Random Forest",300.999879837036,0.904541631623213
"R","Windows 7","Random Forest",264.999866485596,0.885135135135135
"R","Windows 7","Random Forest",299.999952316284,0.874354561101549
"R","Windows 7","Random Forest",266.000032424927,0.918918918918919
"R","Windows 7","Random Forest",312.999963760376,0.863104838709677
"R","Windows 7","Random Forest",257.999897003174,0.904511278195489
"R","Windows 7","Random Forest",292.999982833862,0.827991452991453
"R","Windows 7","Random Forest",262.00008392334,0.872354497354497
"R","Windows 7","Random Forest",305.999994277954,0.910068846815835
"R","Windows 7","Random Forest",267.999887466431,0.891733870967742
"R","Windows 7","Random Forest",309.999942779541,0.88618760757315
"R","Windows 7","Random Forest",301.999807357788,0.904541631623213
"R","Windows 7","Random Forest",312.999963760376,0.885135135135135
"R","Windows 7","Random Forest",247.000217437744,0.874354561101549
"R","Windows 7","Random Forest",259.999990463257,0.918918918918919
"R","Windows 7","Random Forest",263.000011444092,0.863104838709677
"R","Windows 7","Random Forest",263.999938964844,0.904511278195489
"R","Windows 7","Random Forest",293.999910354614,0.827991452991453
"R","Windows 7","Random Forest",310.999870300293,0.872354497354497
"R","Windows 7","Random Forest",249.000072479248,0.910068846815835
"R","Windows 7","Random Forest",262.00008392334,0.891733870967742
"R","Windows 7","Random Forest",259.000062942505,0.88618760757315
"R","Windows 7","Random Forest",303.999900817871,0.904541631623213
"R","Windows 7","Random Forest",308.000087738037,0.885135135135135
"R","Windows 7","Random Forest",252.000093460083,0.874354561101549
"R","Windows 7","Random Forest",310.00018119812,0.918918918918919
"R","Windows 7","Random Forest",263.999938964844,0.863104838709677
"R","Windows 7","Random Forest",309.000015258789,0.904511278195489
"R","Windows 7","Random Forest",289.000034332275,0.827991452991453
"R","Windows 7","Random Forest",309.999942779541,0.872354497354497
"R","Windows 7","Random Forest",304.999828338623,0.910068846815835
"R","Windows 7","Random Forest",315.999984741211,0.891733870967742
"R","Windows 7","Random Forest",308.000087738037,0.88618760757315
"R","Windows 7","Random Forest",303.999900817871,0.904541631623213
"R","Windows 7","Random Forest",309.000015258789,0.885135135135135
"R","Windows 7","Random Forest",303.000211715698,0.874354561101549
"R","Windows 7","Random Forest",312.999963760376,0.918918918918919
"R","Windows 7","Random Forest",312.999963760376,0.863104838709677
"R","Windows 7","Random Forest",305.999994277954,0.904511278195489
"R","Windows 7","Random Forest",295.000076293945,0.827991452991453
"R","Windows 7","Random Forest",304.00013923645,0.872354497354497
"R","Windows 7","Random Forest",305.000066757202,0.910068846815835
"R","Windows 7","Random Forest",279.999971389771,0.891733870967742
"R","Windows 7","Random Forest",300.000190734863,0.88618760757315
"R","Windows 7","Random Forest",257.999897003174,0.904541631623213
"R","Windows 7","Random Forest",254.999876022339,0.885135135135135
"R","Windows 7","Random Forest",250,0.874354561101549
"R","Windows 7","Random Forest",264.999866485596,0.918918918918919
"R","Windows 7","Random Forest",313.999891281128,0.863104838709677
"R","Windows 7","Random Forest",305.000066757202,0.904511278195489
"R","Windows 7","Random Forest",297.000169754028,0.827991452991453
"R","Windows 7","Random Forest",306.999921798706,0.872354497354497
"R","Windows 7","Random Forest",304.999828338623,0.910068846815835
"R","Windows 7","Random Forest",313.000202178955,0.891733870967742
"R","Windows 7","Random Forest",305.999994277954,0.88618760757315
"R","Windows 7","Random Forest",302.000045776367,0.904541631623213
"R","Windows 7","Random Forest",309.999942779541,0.885135135135135
"R","Windows 7","Random Forest",301.000118255615,0.874354561101549
"R","Windows 7","Random Forest",311.000108718872,0.918918918918919
"R","Windows 7","Random Forest",315.000057220459,0.863104838709677
"R","Windows 7","Random Forest",303.999900817871,0.904511278195489
"R","Windows 7","Random Forest",292.999982833862,0.827991452991453
"R","Windows 7","Random Forest",305.999994277954,0.872354497354497
"R","Windows 7","Random Forest",309.000015258789,0.910068846815835
"R","Windows 7","Random Forest",315.000057220459,0.891733870967742
"R","Windows 7","SVM",20.9999084472656,0.916921313980137
"R","Windows 7","SVM",26.0000228881836,0.911111111111111
"R","Windows 7","SVM",19.9999809265137,0.905639097744361
"R","Windows 7","SVM",20.9999084472656,0.906271777003484
"R","Windows 7","SVM",22.0000743865967,0.901131221719457
"R","Windows 7","SVM",22.0000743865967,0.94578313253012
"R","Windows 7","SVM",26.0000228881836,0.918640183346066
"R","Windows 7","SVM",22.0000743865967,0.932323232323232
"R","Windows 7","SVM",20.9999084472656,0.908708938120703
"R","Windows 7","SVM",20.9999084472656,0.885790679908327
"R","Windows 7","SVM",22.0000743865967,0.87593984962406
"R","Windows 7","SVM",24.9998569488525,0.901612903225806
"R","Windows 7","SVM",23.0000019073486,0.94578313253012
"R","Windows 7","SVM",22.0000743865967,0.918640183346066
"R","Windows 7","SVM",23.0000019073486,0.932323232323232
"R","Windows 7","SVM",22.0000743865967,0.908708938120703
"R","Windows 7","SVM",26.0000228881836,0.885790679908327
"R","Windows 7","SVM",21.9998359680176,0.87593984962406
"R","Windows 7","SVM",21.0001468658447,0.901612903225806
"R","Windows 7","SVM",20.9999084472656,0.94578313253012
"R","Windows 7","SVM",26.0000228881836,0.918640183346066
"R","Windows 7","SVM",20.9999084472656,0.932323232323232
"R","Windows 7","SVM",21.0001468658447,0.908708938120703
"R","Windows 7","SVM",22.0000743865967,0.885790679908327
"R","Windows 7","SVM",20.9999084472656,0.87593984962406
"R","Windows 7","SVM",24.0001678466797,0.901612903225806
"R","Windows 7","SVM",20.9999084472656,0.94578313253012
"R","Windows 7","SVM",21.9998359680176,0.918640183346066
"R","Windows 7","SVM",21.0001468658447,0.932323232323232
"R","Windows 7","SVM",25.0000953674316,0.908708938120703
"R","Windows 7","SVM",21.9998359680176,0.885790679908327
"R","Windows 7","SVM",22.0000743865967,0.87593984962406
"R","Windows 7","SVM",20.9999084472656,0.901612903225806
"R","Windows 7","SVM",26.0000228881836,0.94578313253012
"R","Windows 7","SVM",23.0000019073486,0.918640183346066
"R","Windows 7","SVM",21.0001468658447,0.932323232323232
"R","Windows 7","SVM",20.9999084472656,0.908708938120703
"R","Windows 7","SVM",25.0000953674316,0.885790679908327
"R","Windows 7","SVM",22.0000743865967,0.87593984962406
"R","Windows 7","SVM",20.9999084472656,0.901612903225806
"R","Windows 7","SVM",21.0001468658447,0.94578313253012
"R","Windows 7","SVM",25.0000953674316,0.918640183346066
"R","Windows 7","SVM",20.9999084472656,0.932323232323232
"R","Windows 7","SVM",19.9999809265137,0.908708938120703
"R","Windows 7","SVM",25.0000953674316,0.885790679908327
"R","Windows 7","SVM",21.9998359680176,0.87593984962406
"R","Windows 7","SVM",22.0000743865967,0.901612903225806
"R","Windows 7","SVM",22.0000743865967,0.94578313253012
"R","Windows 7","SVM",26.0000228881836,0.918640183346066
"R","Windows 7","SVM",20.9999084472656,0.932323232323232
"R","Windows 7","SVM",21.9998359680176,0.908708938120703
"R","Windows 7","SVM",26.0000228881836,0.885790679908327
"R","Windows 7","SVM",20.9999084472656,0.87593984962406
"R","Windows 7","SVM",21.0001468658447,0.901612903225806
"R","Windows 7","SVM",25.0000953674316,0.94578313253012
"R","Windows 7","SVM",22.0000743865967,0.918640183346066
"R","Windows 7","SVM",20.9999084472656,0.932323232323232
"R","Windows 7","SVM",25.0000953674316,0.908708938120703
"R","Windows 7","SVM",21.0001468658447,0.885790679908327
"R","Windows 7","SVM",21.9998359680176,0.87593984962406
"R","Windows 7","SVM",28.0001163482666,0.901612903225806
"R","Windows 7","SVM",21.0001468658447,0.94578313253012
"R","Windows 7","SVM",22.0000743865967,0.918640183346066
"R","Windows 7","SVM",20.9999084472656,0.932323232323232
"R","Windows 7","SVM",22.0000743865967,0.908708938120703
"R","Windows 7","SVM",23.9999294281006,0.885790679908327
"R","Windows 7","SVM",21.9998359680176,0.87593984962406
"R","Windows 7","SVM",19.9999809265137,0.901612903225806
"R","Windows 7","SVM",20.9999084472656,0.94578313253012
"R","Windows 7","SVM",22.0000743865967,0.918640183346066
"R","Windows 7","SVM",19.9999809265137,0.932323232323232
"R","Windows 7","SVM",23.9999294281006,0.908708938120703
"R","Windows 7","SVM",22.0000743865967,0.885790679908327
"R","Windows 7","SVM",19.9999809265137,0.87593984962406
"R","Windows 7","SVM",19.9999809265137,0.901612903225806
"R","Windows 7","SVM",20.9999084472656,0.94578313253012
"R","Windows 7","SVM",20.9999084472656,0.918640183346066
"R","Windows 7","SVM",24.0001678466797,0.932323232323232
"R","Windows 7","SVM",22.0000743865967,0.908708938120703
"R","Windows 7","SVM",20.9999084472656,0.885790679908327
"R","Windows 7","SVM",20.0002193450928,0.87593984962406
"R","Windows 7","SVM",20.9999084472656,0.901612903225806
"R","Windows 7","SVM",24.9998569488525,0.94578313253012
"R","Windows 7","SVM",22.0000743865967,0.918640183346066
"R","Windows 7","SVM",22.0000743865967,0.932323232323232
"R","Windows 7","SVM",20.9999084472656,0.908708938120703
"R","Windows 7","SVM",22.0000743865967,0.885790679908327
"R","Windows 7","SVM",23.9999294281006,0.87593984962406
"R","Windows 7","SVM",22.0000743865967,0.901612903225806
"R","Windows 7","SVM",22.0000743865967,0.94578313253012
"R","Windows 7","SVM",22.0000743865967,0.918640183346066
"R","Windows 7","SVM",20.9999084472656,0.932323232323232
"R","Windows 7","SVM",21.9998359680176,0.908708938120703
"R","Windows 7","SVM",25.0000953674316,0.885790679908327
"R","Windows 7","SVM",22.0000743865967,0.87593984962406
"R","Windows 7","SVM",20.9999084472656,0.901612903225806
"R","Windows 7","SVM",22.0000743865967,0.94578313253012
"R","Windows 7","SVM",22.0000743865967,0.918640183346066
"R","Windows 7","SVM",24.9998569488525,0.932323232323232
"R","Windows 7","SVM",20.9999084472656,0.908708938120703
"Python","Mac","Log",22.305,0.9167
"Python","Mac","Log",20.025,0.8968
"Python","Mac","Log",25.133,0.8391
"Python","Mac","Log",16.303,0.9028
"Python","Mac","Log",21.528,0.9021
"Python","Mac","Log",19.122,0.8885
"Python","Mac","Log",17.436,0.9283
"Python","Mac","Log",24.741,0.9131
"Python","Mac","Log",18.659,0.9488
"Python","Mac","Log",18.044,0.9022
"Python","Mac","Log",17.885,0.8391
"Python","Mac","Log",18.006,0.8885
"Python","Mac","Log",17.74,0.9265
"Python","Mac","Log",16.726,0.9337
"Python","Mac","Log",17.233,0.9044
"Python","Mac","Log",16.675,0.9445
"Python","Mac","Log",16.011,0.9048
"Python","Mac","Log",15.079,0.9337
"Python","Mac","Log",16.982,0.9201
"Python","Mac","Log",18.043,0.9283
"Python","Mac","Log",16.929,0.9131
"Python","Mac","Log",16.794,0.9167
"Python","Mac","Log",17.017,0.8885
"Python","Mac","Log",15.804,0.8983
"Python","Mac","Log",19.052,0.8195
"Python","Mac","Log",17.197,0.925
"Python","Mac","Log",16.091,0.9488
"Python","Mac","Log",18.102,0.8889
"Python","Mac","Log",17.458,0.9377
"Python","Mac","Log",16.963,0.9283
"Python","Mac","Log",16.589,0.9069
"Python","Mac","Log",16.185,0.8969
"Python","Mac","Log",17.734,0.925
"Python","Mac","Log",17.521,0.9377
"Python","Mac","Log",20.143,0.8111
"Python","Mac","Log",16.596,0.8969
"Python","Mac","Log",17.896,0.8885
"Python","Mac","Log",16.449,0.9222
"Python","Mac","Log",17.023,0.9348
"Python","Mac","Log",17.65,0.9217
"Python","Mac","Log",15.708,0.8694
"Python","Mac","Log",17.073,0.9167
"Python","Mac","Log",15.615,0.9131
"Python","Mac","Log",16.829,0.9167
"Python","Mac","Log",17.388,0.9044
"Python","Mac","Log",16.507,0.9293
"Python","Mac","Log",15.78,0.8865
"Python","Mac","Log",16.122,0.8747
"Python","Mac","Log",16.132,0.9048
"Python","Mac","Log",17.118,0.8809
"Python","Mac","Log",15.523,0.9222
"Python","Mac","Log",16.464,0.9439
"Python","Mac","Log",15.372,0.9283
"Python","Mac","Log",16.326,0.8865
"Python","Mac","Log",17.603,0.9283
"Python","Mac","Log",15.853,0.9131
"Python","Mac","Log",15.645,0.9028
"Python","Mac","Log",16.558,0.9167
"Python","Mac","Log",15.115,0.9337
"Python","Mac","Log",16.824,0.9293
"Python","Mac","Log",16.3,0.8865
"Python","Mac","Log",17.528,0.9021
"Python","Mac","Log",16.002,0.9439
"Python","Mac","Log",16.975,0.8846
"Python","Mac","Log",16.173,0.9337
"Python","Mac","Log",16.811,0.9375
"Python","Mac","Log",16.861,0.9333
"Python","Mac","Log",15.794,0.8969
"Python","Mac","Log",16.831,0.9201
"Python","Mac","Log",17.075,0.9167
"Python","Mac","Log",16.399,0.8969
"Python","Mac","Log",16.116,0.9439
"Python","Mac","Log",16.335,0.925
"Python","Mac","Log",16.556,0.8846
"Python","Mac","Log",17.897,0.9338
"Python","Mac","Log",16.197,0.9439
"Python","Mac","Log",16.102,0.8697
"Python","Mac","Log",16.47,0.8844
"Python","Mac","Log",16.594,0.9174
"Python","Mac","Log",17.191,0.9348
"Python","Mac","Log",16.211,0.9
"Python","Mac","Log",15.968,0.9283
"Python","Mac","Log",16.348,0.9348
"Python","Mac","Log",16.505,0.8846
"Python","Mac","Log",16.78,0.9044
"Python","Mac","Log",17.193,0.9021
"Python","Mac","Log",15.666,0.8983
"Python","Mac","Log",17.882,0.8697
"Python","Mac","Log",16.575,0.8694
"Python","Mac","Log",17.485,0.9333
"Python","Mac","Log",16.783,0.9405
"Python","Mac","Log",18.713,0.9028
"Python","Mac","Log",16.478,0.8885
"Python","Mac","Log",17.381,0.9333
"Python","Mac","Log",19.824,0.9405
"Python","Mac","Log",16.217,0.9
"Python","Mac","Log",16.335,0.925
"Python","Mac","Log",17.215,0.8747
"Python","Mac","Log",17.374,0.9022
"Python","Mac","Log",17.341,0.8111
"Python","Mac","Random Forest",199.957,0.9781
"Python","Mac","Random Forest",180.127,0.9781
"Python","Mac","Random Forest",200.206,0.9916
"Python","Mac","Random Forest",174.128,0.943
"Python","Mac","Random Forest",204.093,0.9539
"Python","Mac","Random Forest",193.571,0.96
"Python","Mac","Random Forest",171.746,0.9538
"Python","Mac","Random Forest",186.175,0.9731
"Python","Mac","Random Forest",203.97,0.9916
"Python","Mac","Random Forest",187.807,0.9289
"Python","Mac","Random Forest",180.362,0.9762
"Python","Mac","Random Forest",195.084,0.9545
"Python","Mac","Random Forest",184.907,0.9476
"Python","Mac","Random Forest",183.93,0.9938
"Python","Mac","Random Forest",174.536,0.953
"Python","Mac","Random Forest",169.494,0.9538
"Python","Mac","Random Forest",201.913,0.9524
"Python","Mac","Random Forest",175.368,0.947
"Python","Mac","Random Forest",196.108,0.96
"Python","Mac","Random Forest",199.446,0.9524
"Python","Mac","Random Forest",174.159,0.981
"Python","Mac","Random Forest",213.922,0.9655
"Python","Mac","Random Forest",170.886,0.949
"Python","Mac","Random Forest",203.945,1
"Python","Mac","Random Forest",192.734,0.9436
"Python","Mac","Random Forest",172.212,0.9697
"Python","Mac","Random Forest",179.313,0.9787
"Python","Mac","Random Forest",174.669,0.943
"Python","Mac","Random Forest",170.712,0.949
"Python","Mac","Random Forest",203.685,1
"Python","Mac","Random Forest",194.018,1
"Python","Mac","Random Forest",187.236,0.9655
"Python","Mac","Random Forest",180.828,0.9828
"Python","Mac","Random Forest",194.942,0.9768
"Python","Mac","Random Forest",191,0.953
"Python","Mac","Random Forest",194.595,0.9556
"Python","Mac","Random Forest",200.126,1
"Python","Mac","Random Forest",184.207,0.953
"Python","Mac","Random Forest",178.733,0.9711
"Python","Mac","Random Forest",201.511,0.9143
"Python","Mac","Random Forest",184.839,0.9774
"Python","Mac","Random Forest",183.42,0.9778
"Python","Mac","Random Forest",202.831,0.9911
"Python","Mac","Random Forest",186.107,0.9733
"Python","Mac","Random Forest",188,0.9828
"Python","Mac","Random Forest",187.147,0.9404
"Python","Mac","Random Forest",188.408,0.9762
"Python","Mac","Random Forest",180.587,0.9404
"Python","Mac","Random Forest",192.219,0.9697
"Python","Mac","Random Forest",171.693,0.9549
"Python","Mac","Random Forest",205.912,0.9231
"Python","Mac","Random Forest",177.582,0.975
"Python","Mac","Random Forest",185.357,0.97
"Python","Mac","Random Forest",195.711,0.9289
"Python","Mac","Random Forest",187.221,0.9548
"Python","Mac","Random Forest",209.355,0.912
"Python","Mac","Random Forest",209.677,0.9768
"Python","Mac","Random Forest",181.424,0.9828
"Python","Mac","Random Forest",198.386,0.9922
"Python","Mac","Random Forest",218.987,0.953
"Python","Mac","Random Forest",214.44,0.9289
"Python","Mac","Random Forest",227.498,0.96
"Python","Mac","Random Forest",227.656,0.9548
"Python","Mac","Random Forest",209.953,0.9731
"Python","Mac","Random Forest",214.462,0.9816
"Python","Mac","Random Forest",212.811,0.9731
"Python","Mac","Random Forest",203.95,0.9444
"Python","Mac","Random Forest",186.061,0.9762
"Python","Mac","Random Forest",178.168,0.947
"Python","Mac","Random Forest",192.318,0.9404
"Python","Mac","Random Forest",182.815,0.953
"Python","Mac","Random Forest",197.121,1
"Python","Mac","Random Forest",187.868,0.97
"Python","Mac","Random Forest",177.038,0.9715
"Python","Mac","Random Forest",189.4,0.9436
"Python","Mac","Random Forest",173.962,0.9702
"Python","Mac","Random Forest",181.586,0.9538
"Python","Mac","Random Forest",205.62,1
"Python","Mac","Random Forest",197.138,0.9634
"Python","Mac","Random Forest",187.685,0.979
"Python","Mac","Random Forest",197.656,0.979
"Python","Mac","Random Forest",201.045,0.9768
"Python","Mac","Random Forest",211.251,0.9702
"Python","Mac","Random Forest",187.967,0.9538
"Python","Mac","Random Forest",194.182,0.9479
"Python","Mac","Random Forest",200.993,0.912
"Python","Mac","Random Forest",189.73,0.9655
"Python","Mac","Random Forest",178.829,0.981
"Python","Mac","Random Forest",197.959,0.9778
"Python","Mac","Random Forest",229.085,0.9788
"Python","Mac","Random Forest",174.732,0.9702
"Python","Mac","Random Forest",172.17,0.9702
"Python","Mac","Random Forest",188.48,0.9599
"Python","Mac","Random Forest",207.954,0.9911
"Python","Mac","Random Forest",183.831,0.9778
"Python","Mac","Random Forest",204.619,0.9444
"Python","Mac","Random Forest",219.907,0.9436
"Python","Mac","Random Forest",206.681,0.953
"Python","Mac","Random Forest",202.735,1
"Python","Mac","Random Forest",216.104,0.9911
"Python","Mac","SVM",12.538,0.7368
"Python","Mac","SVM",10.386,0.717
"Python","Mac","SVM",7.904,0.6333
"Python","Mac","SVM",7.688,0.6104
"Python","Mac","SVM",8.949,0.7
"Python","Mac","SVM",8.189,0.726
"Python","Mac","SVM",9.114,0.597
"Python","Mac","SVM",7.939,0.6143
"Python","Mac","SVM",7.833,0.7143
"Python","Mac","SVM",8.753,0.7021
"Python","Mac","SVM",9.565,0.7647
"Python","Mac","SVM",8.213,0.7021
"Python","Mac","SVM",9.768,0.575
"Python","Mac","SVM",11.559,0.7083
"Python","Mac","SVM",8.981,0.7143
"Python","Mac","SVM",10.32,0.7
"Python","Mac","SVM",11.226,0.6667
"Python","Mac","SVM",9.474,0.7407
"Python","Mac","SVM",7.972,0.6
"Python","Mac","SVM",8.2,0.6604
"Python","Mac","SVM",8.934,0.7037
"Python","Mac","SVM",8.989,0.75
"Python","Mac","SVM",9.287,0.7045
"Python","Mac","SVM",10.988,0.7647
"Python","Mac","SVM",8.359,0.597
"Python","Mac","SVM",7.511,0.6176
"Python","Mac","SVM",9.328,0.7353
"Python","Mac","SVM",7.742,0.6125
"Python","Mac","SVM",8.29,0.7164
"Python","Mac","SVM",8.313,0.6265
"Python","Mac","SVM",8.79,0.7143
"Python","Mac","SVM",9.039,0.7027
"Python","Mac","SVM",9.447,0.6667
"Python","Mac","SVM",8.497,0.566
"Python","Mac","SVM",8.168,0.5614
"Python","Mac","SVM",7.922,0.5614
"Python","Mac","SVM",7.69,0.6027
"Python","Mac","SVM",9.1,0.7667
"Python","Mac","SVM",8.051,0.7143
"Python","Mac","SVM",8.768,0.6604
"Python","Mac","SVM",8.178,0.5909
"Python","Mac","SVM",7.611,0.597
"Python","Mac","SVM",7.591,0.5614
"Python","Mac","SVM",8.419,0.7333
"Python","Mac","SVM",7.975,0.619
"Python","Mac","SVM",8.374,0.566
"Python","Mac","SVM",8.279,0.5667
"Python","Mac","SVM",9.08,0.7027
"Python","Mac","SVM",7.729,0.725
"Python","Mac","SVM",7.82,0.619
"Python","Mac","SVM",8.175,0.5667
"Python","Mac","SVM",9.519,0.7647
"Python","Mac","SVM",8.16,0.6143
"Python","Mac","SVM",8.711,0.5909
"Python","Mac","SVM",8.059,0.6027
"Python","Mac","SVM",7.855,0.7333
"Python","Mac","SVM",8.061,0.6143
"Python","Mac","SVM",8.079,0.6164
"Python","Mac","SVM",7.451,0.7349
"Python","Mac","SVM",9.184,0.75
"Python","Mac","SVM",9.267,0.5714
"Python","Mac","SVM",7.213,0.6265
"Python","Mac","SVM",7.785,0.5614
"Python","Mac","SVM",8.534,0.7
"Python","Mac","SVM",7.689,0.7273
"Python","Mac","SVM",7.64,0.6125
"Python","Mac","SVM",8.212,0.725
"Python","Mac","SVM",10.096,0.575
"Python","Mac","SVM",8.625,0.7083
"Python","Mac","SVM",7.313,0.6364
"Python","Mac","SVM",7.998,0.597
"Python","Mac","SVM",9.827,0.7667
"Python","Mac","SVM",8.18,0.7
"Python","Mac","SVM",8.96,0.7407
"Python","Mac","SVM",8.759,0.725
"Python","Mac","SVM",8.9,0.5714
"Python","Mac","SVM",8.158,0.6604
"Python","Mac","SVM",8.531,0.5614
"Python","Mac","SVM",8.587,0.7
"Python","Mac","SVM",8.326,0.7045
"Python","Mac","SVM",7.861,0.6027
"Python","Mac","SVM",9.264,0.6471
"Python","Mac","SVM",8.376,0.6
"Python","Mac","SVM",10.945,0.7
"Python","Mac","SVM",9.058,0.7647
"Python","Mac","SVM",8.044,0.6604
"Python","Mac","SVM",8.068,0.7
"Python","Mac","SVM",9.364,0.75
"Python","Mac","SVM",8.247,0.7164
"Python","Mac","SVM",8.308,0.725
"Python","Mac","SVM",9.599,0.7647
"Python","Mac","SVM",7.77,0.7273
"Python","Mac","SVM",8.188,0.5614
"Python","Mac","SVM",9.413,0.7143
"Python","Mac","SVM",8.026,0.6125
"Python","Mac","SVM",8.095,0.566
"Python","Mac","SVM",9.078,0.566
"Python","Mac","SVM",9.383,0.7647
"Python","Mac","SVM",8.814,0.7164
"Python","Mac","SVM",11.686,0.575
"Python","Windows XP","Log",22.89899973,0.8885
"Python","Windows XP","Log",28.08792738,0.9021
"Python","Windows XP","Log",23.56444744,0.9167
"Python","Windows XP","Log",21.11441538,0.8747
"Python","Windows XP","Log",20.35817401,0.9445
"Python","Windows XP","Log",23.03449181,0.8747
"Python","Windows XP","Log",21.74661863,0.9423
"Python","Windows XP","Log",21.69381863,0.8747
"Python","Windows XP","Log",20.03494858,0.9367
"Python","Windows XP","Log",22.50816794,0.8889
"Python","Windows XP","Log",25.6596858,0.9488
"Python","Windows XP","Log",27.278886,0.9087
"Python","Windows XP","Log",22.58946319,0.8983
"Python","Windows XP","Log",22.4187711,0.8805
"Python","Windows XP","Log",24.11982529,0.9348
"Python","Windows XP","Log",22.29473299,0.9167
"Python","Windows XP","Log",19.68993266,0.9423
"Python","Windows XP","Log",19.40637707,0.9167
"Python","Windows XP","Log",20.23078352,0.925
"Python","Windows XP","Log",25.37445402,0.8318
"Python","Windows XP","Log",20.67329786,0.925
"Python","Windows XP","Log",19.93717079,0.8846
"Python","Windows XP","Log",21.21442809,0.9405
"Python","Windows XP","Log",23.60132363,0.9
"Python","Windows XP","Log",22.35675205,0.8697
"Python","Windows XP","Log",20.18245336,0.925
"Python","Windows XP","Log",19.46336755,0.9087
"Python","Windows XP","Log",25.3593683,0.9377
"Python","Windows XP","Log",28.81595287,0.8111
"Python","Windows XP","Log",22.71210447,0.907
"Python","Windows XP","Log",30.92711504,0.925
"Python","Windows XP","Log",25.03726032,0.9
"Python","Windows XP","Log",27.71916542,0.9439
"Python","Windows XP","Log",32.10547709,0.8947
"Python","Windows XP","Log",32.5130708,0.8111
"Python","Windows XP","Log",19.78072632,0.8983
"Python","Windows XP","Log",20.93841536,0.9231
"Python","Windows XP","Log",21.4706059,0.9174
"Python","Windows XP","Log",23.37280297,0.8968
"Python","Windows XP","Log",25.13028891,0.9337
"Python","Windows XP","Log",27.86080354,0.9423
"Python","Windows XP","Log",26.87604151,0.8885
"Python","Windows XP","Log",31.97445485,0.925
"Python","Windows XP","Log",29.07883544,0.9337
"Python","Windows XP","Log",31.30453731,0.9231
"Python","Windows XP","Log",23.99690463,0.8969
"Python","Windows XP","Log",22.79339972,0.9167
"Python","Windows XP","Log",27.0506447,0.925
"Python","Windows XP","Log",21.56642814,0.925
"Python","Windows XP","Log",21.94804088,0.925
"Python","Windows XP","Log",20.96663123,0.9167
"Python","Windows XP","Log",19.60165328,0.9131
"Python","Windows XP","Log",20.27632004,0.9167
"Python","Windows XP","Log",19.15159608,0.9375
"Python","Windows XP","Log",20.4512026,0.8885
"Python","Windows XP","Log",24.60536185,0.8844
"Python","Windows XP","Log",19.87794538,0.9348
"Python","Windows XP","Log",20.27911369,0.8889
"Python","Windows XP","Log",21.57536782,0.9174
"Python","Windows XP","Log",26.92800342,0.8968
"Python","Windows XP","Log",31.23050555,0.9087
"Python","Windows XP","Log",33.06202325,0.9044
"Python","Windows XP","Log",26.72043514,0.9131
"Python","Windows XP","Log",40.87782106,0.9
"Python","Windows XP","Log",41.02895759,0.9044
"Python","Windows XP","Log",22.96381244,0.9439
"Python","Windows XP","Log",21.65750116,0.897
"Python","Windows XP","Log",18.53894839,0.9367
"Python","Windows XP","Log",21.02278362,0.8318
"Python","Windows XP","Log",22.80569178,0.9333
"Python","Windows XP","Log",23.49404743,0.9283
"Python","Windows XP","Log",20.09277715,0.9488
"Python","Windows XP","Log",19.34798976,0.8865
"Python","Windows XP","Log",22.35451712,0.9021
"Python","Windows XP","Log",21.93965993,0.8809
"Python","Windows XP","Log",22.19276472,0.9167
"Python","Windows XP","Log",20.74202168,0.9131
"Python","Windows XP","Log",20.30816766,0.9021
"Python","Windows XP","Log",19.0825929,0.8844
"Python","Windows XP","Log",19.57008502,0.8846
"Python","Windows XP","Log",17.75309432,0.9338
"Python","Windows XP","Log",19.67791996,0.8846
"Python","Windows XP","Log",18.76523413,0.9044
"Python","Windows XP","Log",17.33209109,0.9174
"Python","Windows XP","Log",18.13331024,0.9148
"Python","Windows XP","Log",18.58699919,0.9338
"Python","Windows XP","Log",18.25734835,0.9131
"Python","Windows XP","Log",18.843177,0.925
"Python","Windows XP","Log",17.67487209,0.9174
"Python","Windows XP","Log",17.89780545,0.9283
"Python","Windows XP","Log",19.69468187,0.8846
"Python","Windows XP","Log",19.45750088,0.9217
"Python","Windows XP","Log",19.09935481,0.9265
"Python","Windows XP","Log",20.51769149,0.8889
"Python","Windows XP","Log",18.4635198,0.9201
"Python","Windows XP","Log",20.76381216,0.8983
"Python","Windows XP","Log",24.80091744,0.9348
"Python","Windows XP","Log",26.49107638,0.9167
"Python","Windows XP","Log",20.93143123,0.9048
"Python","Windows XP","Log",81.78721039,0.9167
"Python","Windows XP","Random Forest",194.8965581,0.979
"Python","Windows XP","Random Forest",207.2210295,0.912
"Python","Windows XP","Random Forest",225.629235,0.9788
"Python","Windows XP","Random Forest",208.4706296,0.96
"Python","Windows XP","Random Forest",185.9149696,0.947
"Python","Windows XP","Random Forest",204.8659816,0.9436
"Python","Windows XP","Random Forest",212.499354,0.96
"Python","Windows XP","Random Forest",199.5189333,0.9922
"Python","Windows XP","Random Forest",190.4038083,0.947
"Python","Windows XP","Random Forest",192.428926,0.975
"Python","Windows XP","Random Forest",185.0953124,0.9467
"Python","Windows XP","Random Forest",194.7814597,0.979
"Python","Windows XP","Random Forest",205.3886737,0.9655
"Python","Windows XP","Random Forest",199.2560507,0.9697
"Python","Windows XP","Random Forest",197.1004695,0.9421
"Python","Windows XP","Random Forest",214.0392145,0.9545
"Python","Windows XP","Random Forest",203.0534607,0.9476
"Python","Windows XP","Random Forest",225.3222127,0.943
"Python","Windows XP","Random Forest",212.9346048,0.9476
"Python","Windows XP","Random Forest",183.2528995,0.9549
"Python","Windows XP","Random Forest",183.5118709,0.9715
"Python","Windows XP","Random Forest",196.3453456,0.9479
"Python","Windows XP","Random Forest",196.126882,0.975
"Python","Windows XP","Random Forest",203.9857021,0.9922
"Python","Windows XP","Random Forest",208.3440773,0.9421
"Python","Windows XP","Random Forest",190.1655099,0.949
"Python","Windows XP","Random Forest",192.9368118,0.953
"Python","Windows XP","Random Forest",187.3274397,0.9778
"Python","Windows XP","Random Forest",178.8280354,0.943
"Python","Windows XP","Random Forest",207.1718612,0.9436
"Python","Windows XP","Random Forest",177.5563654,0.9512
"Python","Windows XP","Random Forest",195.6667677,0.9774
"Python","Windows XP","Random Forest",184.2222964,0.9467
"Python","Windows XP","Random Forest",211.2707062,0.9436
"Python","Windows XP","Random Forest",198.3433649,0.9602
"Python","Windows XP","Random Forest",214.8281416,0.9788
"Python","Windows XP","Random Forest",204.5307434,0.9938
"Python","Windows XP","Random Forest",183.1925566,0.949
"Python","Windows XP","Random Forest",182.9067661,0.949
"Python","Windows XP","Random Forest",191.6151354,0.981
"Python","Windows XP","Random Forest",197.0501838,0.9606
"Python","Windows XP","Random Forest",202.7352638,0.9768
"Python","Windows XP","Random Forest",241.1096941,0.9634
"Python","Windows XP","Random Forest",302.578121,0.9404
"Python","Windows XP","Random Forest",245.8873963,0.9911
"Python","Windows XP","Random Forest",248.3731871,0.9816
"Python","Windows XP","Random Forest",206.1692198,0.9602
"Python","Windows XP","Random Forest",214.1079383,0.9444
"Python","Windows XP","Random Forest",203.7756195,0.9655
"Python","Windows XP","Random Forest",230.0406895,1
"Python","Windows XP","Random Forest",213.54837,0.9911
"Python","Windows XP","Random Forest",217.3452213,0.9539
"Python","Windows XP","Random Forest",182.7715534,0.9467
"Python","Windows XP","Random Forest",214.3942875,0.9787
"Python","Windows XP","Random Forest",224.7467206,0.9916
"Python","Windows XP","Random Forest",210.6320775,0.96
"Python","Windows XP","Random Forest",211.1388459,0.96
"Python","Windows XP","Random Forest",199.3122031,0.9816
"Python","Windows XP","Random Forest",197.5644949,0.9762
"Python","Windows XP","Random Forest",209.2156964,0.9289
"Python","Windows XP","Random Forest",213.9135002,0.912
"Python","Windows XP","Random Forest",216.4255513,0.9441
"Python","Windows XP","Random Forest",190.190094,0.949
"Python","Windows XP","Random Forest",217.2055387,0.9788
"Python","Windows XP","Random Forest",202.8025908,0.9548
"Python","Windows XP","Random Forest",194.5169009,0.953
"Python","Windows XP","Random Forest",226.8645875,0.9781
"Python","Windows XP","Random Forest",208.5577916,1
"Python","Windows XP","Random Forest",203.598502,0.9768
"Python","Windows XP","Random Forest",199.1926348,0.9602
"Python","Windows XP","Random Forest",213.7447637,1
"Python","Windows XP","Random Forest",186.489903,0.9828
"Python","Windows XP","Random Forest",195.8707042,0.9731
"Python","Windows XP","Random Forest",203.2981845,0.9643
"Python","Windows XP","Random Forest",185.0190457,0.9705
"Python","Windows XP","Random Forest",247.2085139,1
"Python","Windows XP","Random Forest",257.4972517,0.9556
"Python","Windows XP","Random Forest",236.0084871,0.9289
"Python","Windows XP","Random Forest",242.5341768,0.9444
"Python","Windows XP","Random Forest",235.7263283,0.9231
"Python","Windows XP","Random Forest",222.5238124,0.9788
"Python","Windows XP","Random Forest",218.4255261,0.9289
"Python","Windows XP","Random Forest",202.0578034,0.979
"Python","Windows XP","Random Forest",226.5631526,0.9816
"Python","Windows XP","Random Forest",182.9813566,0.981
"Python","Windows XP","Random Forest",190.3253067,0.9778
"Python","Windows XP","Random Forest",177.588213,0.949
"Python","Windows XP","Random Forest",206.0985405,0.9697
"Python","Windows XP","Random Forest",199.5192126,0.9479
"Python","Windows XP","Random Forest",175.8480477,0.9538
"Python","Windows XP","Random Forest",203.5362036,0.9938
"Python","Windows XP","Random Forest",190.4898528,0.9716
"Python","Windows XP","Random Forest",199.9365841,0.9762
"Python","Windows XP","Random Forest",194.08165,0.9716
"Python","Windows XP","Random Forest",189.2838336,0.9715
"Python","Windows XP","Random Forest",218.804904,0.9916
"Python","Windows XP","Random Forest",218.620523,1
"Python","Windows XP","Random Forest",221.4479773,0.9231
"Python","Windows XP","Random Forest",208.6510995,0.9655
"Python","Windows XP","Random Forest",190.662221,0.9716
"Python","Windows XP","SVM",56.87175325,0.7143
"Python","Windows XP","SVM",12.99634451,0.6667
"Python","Windows XP","SVM",13.97691606,0.75
"Python","Windows XP","SVM",11.77049038,0.75
"Python","Windows XP","SVM",11.67438878,0.625
"Python","Windows XP","SVM",11.60147449,0.575
"Python","Windows XP","SVM",14.12749386,0.75
"Python","Windows XP","SVM",9.717436155,0.6364
"Python","Windows XP","SVM",12.56584287,0.75
"Python","Windows XP","SVM",11.15840142,0.7667
"Python","Windows XP","SVM",12.18339202,0.5667
"Python","Windows XP","SVM",11.84172849,0.5946
"Python","Windows XP","SVM",12.33648411,0.5957
"Python","Windows XP","SVM",11.731938,0.6809
"Python","Windows XP","SVM",10.87931567,0.726
"Python","Windows XP","SVM",11.53079512,0.75
"Python","Windows XP","SVM",11.0000014,0.717
"Python","Windows XP","SVM",10.67035056,0.7375
"Python","Windows XP","SVM",11.81714436,0.5667
"Python","Windows XP","SVM",11.40480145,0.6104
"Python","Windows XP","SVM",11.46011574,0.6667
"Python","Windows XP","SVM",10.32701084,0.597
"Python","Windows XP","SVM",11.84312531,0.5614
"Python","Windows XP","SVM",9.578312327,0.625
"Python","Windows XP","SVM",11.56599512,0.5957
"Python","Windows XP","SVM",12.33592538,0.725
"Python","Windows XP","SVM",11.90346818,0.6667
"Python","Windows XP","SVM",11.15225538,0.597
"Python","Windows XP","SVM",12.20993171,0.5909
"Python","Windows XP","SVM",11.55845226,0.75
"Python","Windows XP","SVM",10.55189975,0.7375
"Python","Windows XP","SVM",12.8002302,0.5909
"Python","Windows XP","SVM",11.19807126,0.7045
"Python","Windows XP","SVM",10.46529657,0.7143
"Python","Windows XP","SVM",11.61879513,0.7
"Python","Windows XP","SVM",11.1969538,0.5614
"Python","Windows XP","SVM",11.68723958,0.7368
"Python","Windows XP","SVM",10.59743627,0.6364
"Python","Windows XP","SVM",12.73234447,0.75
"Python","Windows XP","SVM",9.771912352,0.619
"Python","Windows XP","SVM",10.61028706,0.5667
"Python","Windows XP","SVM",10.87484583,0.566
"Python","Windows XP","SVM",12.01521422,0.7647
"Python","Windows XP","SVM",9.428572626,0.6125
"Python","Windows XP","SVM",10.16972828,0.6027
"Python","Windows XP","SVM",10.72734104,0.6
"Python","Windows XP","SVM",9.783086957,0.726
"Python","Windows XP","SVM",12.02666819,0.7407
"Python","Windows XP","SVM",11.26847127,0.575
"Python","Windows XP","SVM",10.68739183,0.6104
"Python","Windows XP","SVM",10.47675054,0.597
"Python","Windows XP","SVM",17.15329742,0.7
"Python","Windows XP","SVM",11.47268717,0.566
"Python","Windows XP","SVM",11.15421094,0.726
"Python","Windows XP","SVM",10.16833145,0.6143
"Python","Windows XP","SVM",10.08759493,0.6143
"Python","Windows XP","SVM",11.00614743,0.5909
"Python","Windows XP","SVM",11.59951893,0.75
"Python","Windows XP","SVM",9.813258389,0.6176
"Python","Windows XP","SVM",11.87692849,0.6667
"Python","Windows XP","SVM",11.4972713,0.6027
"Python","Windows XP","SVM",12.89186195,0.7
"Python","Windows XP","SVM",10.57704261,0.7143
"Python","Windows XP","SVM",10.49826165,0.5957
"Python","Windows XP","SVM",10.60106801,0.717
"Python","Windows XP","SVM",9.664077418,0.6364
"Python","Windows XP","SVM",12.14847138,0.5946
"Python","Windows XP","SVM",10.30605845,0.6
"Python","Windows XP","SVM",10.62565214,0.7164
"Python","Windows XP","SVM",9.522159939,0.6027
"Python","Windows XP","SVM",10.19989971,0.6333
"Python","Windows XP","SVM",10.45244577,0.7143
"Python","Windows XP","SVM",12.9619826,0.75
"Python","Windows XP","SVM",14.18057323,0.75
"Python","Windows XP","SVM",11.0952649,0.7407
"Python","Windows XP","SVM",10.53346166,0.6604
"Python","Windows XP","SVM",11.43581098,0.575
"Python","Windows XP","SVM",9.878909191,0.597
"Python","Windows XP","SVM",9.639772653,0.6364
"Python","Windows XP","SVM",12.07723328,0.7353
"Python","Windows XP","SVM",11.58247766,0.7273
"Python","Windows XP","SVM",11.76602054,0.75
"Python","Windows XP","SVM",10.32393782,0.7143
"Python","Windows XP","SVM",10.86618551,0.7037
"Python","Windows XP","SVM",10.16497907,0.5957
"Python","Windows XP","SVM",9.653740908,0.6143
"Python","Windows XP","SVM",9.08690909,0.6364
"Python","Windows XP","SVM",9.605131378,0.6164
"Python","Windows XP","SVM",11.1248776,0.619
"Python","Windows XP","SVM",11.36932208,0.75
"Python","Windows XP","SVM",11.00922045,0.7
"Python","Windows XP","SVM",10.23509971,0.5614
"Python","Windows XP","SVM",12.53930318,0.6667
"Python","Windows XP","SVM",11.90626183,0.7667
"Python","Windows XP","SVM",11.30171572,0.7273
"Python","Windows XP","SVM",11.23103635,0.619
"Python","Windows XP","SVM",10.73376644,0.6
"Python","Windows XP","SVM",11.5397348,0.6667
"Python","Windows XP","SVM",11.46235066,0.6
"Python","Windows XP","SVM",11.60259195,0.7
"Python","Windows 7","SVM",0.00815,0.7375
"Python","Windows 7","SVM",0.008143,0.725
"Python","Windows 7","SVM",0.008636,0.764706
"Python","Windows 7","SVM",0.007234,0.7375
"Python","Windows 7","SVM",0.00731,0.61039
"Python","Windows 7","SVM",0.008515,0.704545
"Python","Windows 7","SVM",0.008481,0.766667
"Python","Windows 7","SVM",0.007849,0.725
"Python","Windows 7","SVM",0.007707,0.561404
"Python","Windows 7","SVM",0.011091,0.614286
"Python","Windows 7","SVM",0.007916,0.614286
"Python","Windows 7","SVM",0.00769,0.7
"Python","Windows 7","SVM",0.007579,0.716418
"Python","Windows 7","SVM",0.007271,0.617647
"Python","Windows 7","SVM",0.007655,0.7
"Python","Windows 7","SVM",0.007899,0.68
"Python","Windows 7","SVM",0.007869,0.68
"Python","Windows 7","SVM",0.007114,0.6125
"Python","Windows 7","SVM",0.007722,0.597015
"Python","Windows 7","SVM",0.008163,0.704545
"Python","Windows 7","SVM",0.007517,0.594595
"Python","Windows 7","SVM",0.007298,0.616438
"Python","Windows 7","SVM",0.007695,0.6125
"Python","Windows 7","SVM",0.007311,0.625
"Python","Windows 7","SVM",0.007984,0.736842
"Python","Windows 7","SVM",0.008873,0.714286
"Python","Windows 7","SVM",0.00995,0.740741
"Python","Windows 7","SVM",0.009643,0.735294
"Python","Windows 7","SVM",0.007888,0.597015
"Python","Windows 7","SVM",0.008082,0.633333
"Python","Windows 7","SVM",0.008168,0.597015
"Python","Windows 7","SVM",0.010782,0.625
"Python","Windows 7","SVM",0.009072,0.73494
"Python","Windows 7","SVM",0.009244,0.716418
"Python","Windows 7","SVM",0.008959,0.597015
"Python","Windows 7","SVM",0.007914,0.619048
"Python","Windows 7","SVM",0.008247,0.6
"Python","Windows 7","SVM",0.009354,0.666667
"Python","Windows 7","SVM",0.009034,0.75
"Python","Windows 7","SVM",0.007424,0.726027
"Python","Windows 7","SVM",0.00716,0.636364
"Python","Windows 7","SVM",0.007975,0.595745
"Python","Windows 7","SVM",0.007811,0.68
"Python","Windows 7","SVM",0.008871,0.75
"Python","Windows 7","SVM",0.007396,0.597015
"Python","Windows 7","SVM",0.007346,0.619048
"Python","Windows 7","SVM",0.007602,0.594595
"Python","Windows 7","SVM",0.007665,0.736842
"Python","Windows 7","SVM",0.008737,0.764706
"Python","Windows 7","SVM",0.008751,0.716418
"Python","Windows 7","SVM",0.009859,0.708333
"Python","Windows 7","SVM",0.007726,0.626506
"Python","Windows 7","SVM",0.010749,0.594595
"Python","Windows 7","SVM",0.008425,0.75
"Python","Windows 7","SVM",0.008094,0.571429
"Python","Windows 7","SVM",0.008461,0.702703
"Python","Windows 7","SVM",0.012262,0.597015
"Python","Windows 7","SVM",0.010041,0.561404
"Python","Windows 7","SVM",0.008728,0.704545
"Python","Windows 7","SVM",0.010223,0.73494
"Python","Windows 7","SVM",0.00898,0.666667
"Python","Windows 7","SVM",0.012592,0.764706
"Python","Windows 7","SVM",0.007526,0.60241
"Python","Windows 7","SVM",0.007756,0.725
"Python","Windows 7","SVM",0.007213,0.633333
"Python","Windows 7","SVM",0.008137,0.666667
"Python","Windows 7","SVM",0.007552,0.725
"Python","Windows 7","SVM",0.0073,0.61039
"Python","Windows 7","SVM",0.007372,0.619048
"Python","Windows 7","SVM",0.007393,0.633333
"Python","Windows 7","SVM",0.010321,0.727273
"Python","Windows 7","SVM",0.008067,0.714286
"Python","Windows 7","SVM",0.007997,0.625
"Python","Windows 7","SVM",0.008806,0.614286
"Python","Windows 7","SVM",0.007371,0.619048
"Python","Windows 7","SVM",0.008958,0.725
"Python","Windows 7","SVM",0.00825,0.68
"Python","Windows 7","SVM",0.009248,0.756757
"Python","Windows 7","SVM",0.007925,0.726027
"Python","Windows 7","SVM",0.009117,0.766667
"Python","Windows 7","SVM",0.007452,0.6125
"Python","Windows 7","SVM",0.009145,0.735294
"Python","Windows 7","SVM",0.008046,0.616438
"Python","Windows 7","SVM",0.00907,0.617647
"Python","Windows 7","SVM",0.008012,0.60274
"Python","Windows 7","SVM",0.008773,0.740741
"Python","Windows 7","SVM",0.008617,0.735294
"Python","Windows 7","SVM",0.008994,0.666667
"Python","Windows 7","SVM",0.007595,0.626506
"Python","Windows 7","SVM",0.008036,0.704545
"Python","Windows 7","SVM",0.007514,0.617647
"Python","Windows 7","SVM",0.007751,0.704545
"Python","Windows 7","SVM",0.007925,0.666667
"Python","Windows 7","SVM",0.007091,0.61039
"Python","Windows 7","SVM",0.007841,0.614286
"Python","Windows 7","SVM",0.008915,0.75
"Python","Windows 7","SVM",0.009974,0.75
"Python","Windows 7","SVM",0.009141,0.75
"Python","Windows 7","SVM",0.00816,0.725
"Python","Windows 7","SVM",0.007662,0.727273
"Python","Windows 7","Log",19.802,0.8969
"Python","Windows 7","Log",16.706,0.9167
"Python","Windows 7","Log",17.799,0.9095
"Python","Windows 7","Log",16.572,0.8318
"Python","Windows 7","Log",16.568,0.9283
"Python","Windows 7","Log",16.302,0.9044
"Python","Windows 7","Log",16.825,0.8968
"Python","Windows 7","Log",15.532,0.9293
"Python","Windows 7","Log",17.163,0.9048
"Python","Windows 7","Log",16.112,0.907
"Python","Windows 7","Log",16.201,0.8805
"Python","Windows 7","Log",17.347,0.9439
"Python","Windows 7","Log",18.253,0.9167
"Python","Windows 7","Log",18.412,0.8846
"Python","Windows 7","Log",15.152,0.9069
"Python","Windows 7","Log",16.889,0.8968
"Python","Windows 7","Log",17.072,0.8805
"Python","Windows 7","Log",18.971,0.8889
"Python","Windows 7","Log",17.646,0.9439
"Python","Windows 7","Log",19.249,0.9095
"Python","Windows 7","Log",19.052,0.9201
"Python","Windows 7","Log",20.174,0.8694
"Python","Windows 7","Log",16.251,0.897
"Python","Windows 7","Log",17.994,0.9231
"Python","Windows 7","Log",14.479,0.9439
"Python","Windows 7","Log",13.713,0.9265
"Python","Windows 7","Log",12.941,0.9367
"Python","Windows 7","Log",14.698,0.9095
"Python","Windows 7","Log",15.022,0.9375
"Python","Windows 7","Log",14.71,0.9148
"Python","Windows 7","Log",16.826,0.9222
"Python","Windows 7","Log",14.62,0.9283
"Python","Windows 7","Log",14.841,0.925
"Python","Windows 7","Log",16.02,0.9439
"Python","Windows 7","Log",13.538,0.9022
"Python","Windows 7","Log",14.955,0.8846
"Python","Windows 7","Log",17.333,0.9087
"Python","Windows 7","Log",15.152,0.9044
"Python","Windows 7","Log",15.312,0.9265
"Python","Windows 7","Log",15.314,0.8844
"Python","Windows 7","Log",14.997,0.8947
"Python","Windows 7","Log",17.536,0.8111
"Python","Windows 7","Log",17.102,0.8889
"Python","Windows 7","Log",15.603,0.9022
"Python","Windows 7","Log",15.613,0.9167
"Python","Windows 7","Log",14.583,0.925
"Python","Windows 7","Log",14.243,0.9293
"Python","Windows 7","Log",14.699,0.9375
"Python","Windows 7","Log",16.384,0.8318
"Python","Windows 7","Log",16.35,0.9201
"Python","Windows 7","Log",13.441,0.9131
"Python","Windows 7","Log",15.703,0.9265
"Python","Windows 7","Log",17.24,0.8318
"Python","Windows 7","Log",13.721,0.9338
"Python","Windows 7","Log",12.717,0.9367
"Python","Windows 7","Log",16.319,0.8969
"Python","Windows 7","Log",13.417,0.9367
"Python","Windows 7","Log",16.109,0.9201
"Python","Windows 7","Log",14.322,0.9167
"Python","Windows 7","Log",14.394,0.9201
"Python","Windows 7","Log",14.463,0.9131
"Python","Windows 7","Log",14.065,0.9293
"Python","Windows 7","Log",15.497,0.9231
"Python","Windows 7","Log",16.64,0.9096
"Python","Windows 7","Log",16.094,0.8697
"Python","Windows 7","Log",13.984,0.9131
"Python","Windows 7","Log",14.53,0.907
"Python","Windows 7","Log",15.065,0.907
"Python","Windows 7","Log",14.262,0.9022
"Python","Windows 7","Log",14.79,0.925
"Python","Windows 7","Log",14.924,0.9265
"Python","Windows 7","Log",15.194,0.9222
"Python","Windows 7","Log",14.894,0.9201
"Python","Windows 7","Log",13.921,0.897
"Python","Windows 7","Log",14.201,0.8846
"Python","Windows 7","Log",15.662,0.8809
"Python","Windows 7","Log",16.208,0.9044
"Python","Windows 7","Log",15.111,0.9348
"Python","Windows 7","Log",14.023,0.8889
"Python","Windows 7","Log",14.504,0.907
"Python","Windows 7","Log",16.027,0.9044
"Python","Windows 7","Log",13.495,0.9148
"Python","Windows 7","Log",14.152,0.8969
"Python","Windows 7","Log",15.318,0.8694
"Python","Windows 7","Log",15.102,0.9348
"Python","Windows 7","Log",13.624,0.8747
"Python","Windows 7","Log",14.28,0.9028
"Python","Windows 7","Log",14.948,0.9283
"Python","Windows 7","Log",17.288,0.907
"Python","Windows 7","Log",13.999,0.9028
"Python","Windows 7","Log",14.321,0.9174
"Python","Windows 7","Log",15.001,0.9488
"Python","Windows 7","Log",17.167,0.9377
"Python","Windows 7","Log",14.875,0.9377
"Python","Windows 7","Log",14.064,0.8809
"Python","Windows 7","Log",14.523,0.897
"Python","Windows 7","Log",13.645,0.93
"Python","Windows 7","Log",14.702,0.9283
"Python","Windows 7","Log",19.838,0.9131
"Python","Windows 7","Log",15.191,0.9405
"Python","Windows 7","Random Forest",201.273,0.9404
"Python","Windows 7","Random Forest",188.642,0.9668
"Python","Windows 7","Random Forest",195.015,0.9784
"Python","Windows 7","Random Forest",189.882,0.9545
"Python","Windows 7","Random Forest",218.711,0.9816
"Python","Windows 7","Random Forest",192.666,0.9828
"Python","Windows 7","Random Forest",186.191,0.9708
"Python","Windows 7","Random Forest",188.811,0.912
"Python","Windows 7","Random Forest",203.593,0.9524
"Python","Windows 7","Random Forest",188.782,0.9697
"Python","Windows 7","Random Forest",187.972,0.9938
"Python","Windows 7","Random Forest",182.191,0.9768
"Python","Windows 7","Random Forest",176.066,0.9921
"Python","Windows 7","Random Forest",150.416,0.947
"Python","Windows 7","Random Forest",178.686,1
"Python","Windows 7","Random Forest",170.508,0.9556
"Python","Windows 7","Random Forest",175.643,0.9441
"Python","Windows 7","Random Forest",149.248,0.943
"Python","Windows 7","Random Forest",156.446,0.9719
"Python","Windows 7","Random Forest",143.38,0.9461
"Python","Windows 7","Random Forest",156.358,0.975
"Python","Windows 7","Random Forest",162.26,0.9938
"Python","Windows 7","Random Forest",163.902,0.9771
"Python","Windows 7","Random Forest",168.425,0.9643
"Python","Windows 7","Random Forest",182.28,0.9602
"Python","Windows 7","Random Forest",173.468,0.9762
"Python","Windows 7","Random Forest",178.828,0.9916
"Python","Windows 7","Random Forest",177.688,0.9441
"Python","Windows 7","Random Forest",167.612,0.9634
"Python","Windows 7","Random Forest",169.075,0.9938
"Python","Windows 7","Random Forest",144.401,0.9708
"Python","Windows 7","Random Forest",168.987,0.9404
"Python","Windows 7","Random Forest",155.247,0.9525
"Python","Windows 7","Random Forest",174.672,0.912
"Python","Windows 7","Random Forest",154.259,0.9525
"Python","Windows 7","Random Forest",141.431,0.981
"Python","Windows 7","Random Forest",178.238,0.9231
"Python","Windows 7","Random Forest",150.703,0.9825
"Python","Windows 7","Random Forest",153.209,0.9733
"Python","Windows 7","Random Forest",162.971,0.9697
"Python","Windows 7","Random Forest",144.732,0.9592
"Python","Windows 7","Random Forest",157.16,0.9556
"Python","Windows 7","Random Forest",149.943,0.9794
"Python","Windows 7","Random Forest",163.13,0.9458
"Python","Windows 7","Random Forest",171.637,0.9911
"Python","Windows 7","Random Forest",168.61,0.9441
"Python","Windows 7","Random Forest",133.618,0.9516
"Python","Windows 7","Random Forest",167.527,1
"Python","Windows 7","Random Forest",152.143,0.9525
"Python","Windows 7","Random Forest",146.546,0.9528
"Python","Windows 7","Random Forest",162.077,0.9563
"Python","Windows 7","Random Forest",159.27,0.9404
"Python","Windows 7","Random Forest",156.151,0.9708
"Python","Windows 7","Random Forest",145.78,0.943
"Python","Windows 7","Random Forest",169.439,0.9762
"Python","Windows 7","Random Forest",146.559,0.948
"Python","Windows 7","Random Forest",163.66,0.912
"Python","Windows 7","Random Forest",163.31,0.9458
"Python","Windows 7","Random Forest",156.557,0.9816
"Python","Windows 7","Random Forest",167.113,0.9524
"Python","Windows 7","Random Forest",142.217,0.943
"Python","Windows 7","Random Forest",156.279,0.9384
"Python","Windows 7","Random Forest",175.659,0.947
"Python","Windows 7","Random Forest",151.74,0.9771
"Python","Windows 7","Random Forest",154.903,0.9774
"Python","Windows 7","Random Forest",169.754,0.912
"Python","Windows 7","Random Forest",151.018,0.975
"Python","Windows 7","Random Forest",167.879,0.912
"Python","Windows 7","Random Forest",156.112,0.9516
"Python","Windows 7","Random Forest",183.317,0.9762
"Python","Windows 7","Random Forest",182.127,0.9643
"Python","Windows 7","Random Forest",164.828,0.9602
"Python","Windows 7","Random Forest",188.145,0.912
"Python","Windows 7","Random Forest",170.753,0.9412
"Python","Windows 7","Random Forest",154.108,0.9516
"Python","Windows 7","Random Forest",175.578,0.9697
"Python","Windows 7","Random Forest",160.277,0.975
"Python","Windows 7","Random Forest",139.022,0.9516
"Python","Windows 7","Random Forest",166.416,0.9825
"Python","Windows 7","Random Forest",187.661,0.912
"Python","Windows 7","Random Forest",163.713,0.9602
"Python","Windows 7","Random Forest",203.061,0.9231
"Python","Windows 7","Random Forest",181.234,0.9556
"Python","Windows 7","Random Forest",172.245,0.9825
"Python","Windows 7","Random Forest",188.207,0.96
"Python","Windows 7","Random Forest",172.679,0.9592
"Python","Windows 7","Random Forest",188.829,0.9231
"Python","Windows 7","Random Forest",178.553,0.9938
"Python","Windows 7","Random Forest",175.04,0.9719
"Python","Windows 7","Random Forest",189.065,0.9231
"Python","Windows 7","Random Forest",154.044,0.9528
"Python","Windows 7","Random Forest",142.407,0.9461
"Python","Windows 7","Random Forest",149.438,0.9787
"Python","Windows 7","Random Forest",171.658,0.9762
"Python","Windows 7","Random Forest",161.158,0.9404
"Python","Windows 7","Random Forest",163.607,0.9922
"Python","Windows 7","Random Forest",146.189,0.9545
"Python","Windows 7","Random Forest",159.355,0.9556
"Python","Windows 7","Random Forest",160.084,0.9921
"Python","Windows 7","Random Forest",169.847,1
